## CREATE DATABASE UNV_jacob_holt;
USE UNV_jacob_holt;
#SELECT current_user(), now(), database();

/*-----   Script: Student Database Modified
-----   Grade_sum_1 table is added. Grade type table is not used.
-----   A new student with ID 101 is added. Students will update the first and last name to their name.  

-----   Script: Student Database

--- Dropping Student schema objects */


/*=== Drop Tables === */

SET FOREIGN_KEY_CHECKS = 0;

DROP TABLE if exists COURSE;

DROP TABLE if exists  ENROLLMENT ;

DROP TABLE if exists  GRADE ;

DROP TABLE if exists  GRADE_CONVERSION ;

DROP TABLE if exists  GRADE_SUM_1;

DROP TABLE if exists  GRADE_TYPE_WEIGHT ;

DROP TABLE if exists  INSTRUCTOR ;

DROP TABLE if exists  SECTION ;

DROP TABLE if exists  STUDENT ;

DROP TABLE if exists  ZIPCODE ;


/*----- Creating Table 'INSTRUCTOR' */


CREATE TABLE INSTRUCTOR 
 (INSTRUCTOR_ID INT
 ,INSTRUCTOR_SSN varchar(9)  
 ,SALUTATION varchar(5) 
 ,FIRST_NAME varchar(25) 
 ,LAST_NAME varchar(25) 
 ,STREET_ADDRESS varchar(50) 
 ,ZIP varchar(5) 
 ,PHONE varchar(10) 
 ) ;

/*----- Creating Table 'GRADE' */


CREATE TABLE GRADE 
 (STUDENT_ID INT
 ,SECTION_ID INT
 ,GRADE_TYPE_CODE CHAR(2)  
 ,GRADE_CODE_OCCURRENCE INT
 ,NUMERIC_GRADE INT DEFAULT 0  
 , commentS varchar(2000) 
 ) ;

/*----- Creating Table 'GRADE_CONVERSION' */


CREATE TABLE GRADE_CONVERSION 
 (LETTER_GRADE varchar(2)  
 ,GRADE_POINT INT DEFAULT 0  
 ,MAX_GRADE INT 
 ,MIN_GRADE INT
 ) ;


/*----- Creating Table 'GRADE_TYPE_WEIGHT' */


CREATE TABLE GRADE_TYPE_WEIGHT 
 (SECTION_ID INT
 ,GRADE_TYPE_CODE CHAR(2)  
 ,INT_PER_SECTION INT
 ,PERCENT_OF_FINAL_GRADE INT
 ,DROP_LOWEST CHAR(1)
 ) ;

/*----- Creating Table 'SECTION' */


CREATE TABLE SECTION 
 (SECTION_ID INT
 ,COURSE_NO INT
 ,SECTION_NO INT
 ,START_DATE_TIME DATE 
 ,LOCATION varchar(50) 
 ,INSTRUCTOR_ID INT
 ,CAPACITY INT
 ) ;


/*----- Creating Table 'COURSE' */


CREATE TABLE COURSE 
 (COURSE_NO INT
 ,DESCRIPTION varchar(50)  
 ,COST INT  
 ,PREREQUISITE INT
 ) ;


/*----- Creating Table 'ENROLLMENT' */


CREATE TABLE ENROLLMENT 
 (STUDENT_ID INT 
 ,SECTION_ID INT
 ,ENROLL_DATE DATE  
 ,FINAL_GRADE INT
 ) ;


/*----- Creating Table 'STUDENT' */


CREATE TABLE STUDENT 
 (STUDENT_ID INT
 ,SALUTATION varchar(5) 
 ,FIRST_NAME varchar(25) 
 ,LAST_NAME varchar(25)  
 ,STREET_ADDRESS varchar(50) 
 ,ZIP varchar(5)  
 ,PHONE varchar(10) 
 ,EMPLOYER varchar(50) 
 ,REGISTRATION_DATE DATE
 ) ;


/*----- Creating Table 'ZIPCODE' */


CREATE TABLE ZIPCODE 
 (ZIP varchar(5)  
 ,CITY varchar(25) 
 ,STATE varchar(2)
 ) ;


INSERT INTO course VALUES (10,'Technology Concepts',1195,NULL );

INSERT INTO course VALUES (20,'Intro to Information Systems',1195,NULL );

INSERT INTO course VALUES (25,'Intro to Programming',1195,140 );

INSERT INTO course VALUES (80,'Programming Techniques',1595,204 );

INSERT INTO course VALUES (100,'Hands-On Windows',1195,20 );

INSERT INTO course VALUES (120,'Intro to Java Programming',1195,80 );

INSERT INTO course VALUES (122,'Intermediate Java Programming',1195,120 );

INSERT INTO course VALUES (124,'Advanced Java Programming',1195,122 );

INSERT INTO course VALUES (125,'Java Developer I',1195,122 );

INSERT INTO course VALUES (130,'Intro to Unix',1195,310 );

INSERT INTO course VALUES (132,'Basics of Unix Admin',1195,130 );

INSERT INTO course VALUES (134,'Advanced Unix Admin',1195,132 );

INSERT INTO course VALUES (135,'Unix Tips and Techniques',1095,134 );

INSERT INTO course VALUES (140,'Systems Analysis',1195,20 );

INSERT INTO course VALUES (142,'Project Management',1195,20 );

INSERT INTO course VALUES (144,'Database Design',1195,420 );

INSERT INTO course VALUES (145,'Internet Protocols',1195,310 );

INSERT INTO course VALUES (146,'Java for C/C++ Programmers',1195,NULL );

INSERT INTO course VALUES (147,'GUI Design Lab',1195,20 );

INSERT INTO course VALUES (204,'Intro to SQL',1195,20 );

INSERT INTO course VALUES (210,'Oracle Tools',1195,220 );

INSERT INTO course VALUES (220,'PL/SQL Programming',1195,80 );

INSERT INTO course VALUES (230,'Intro to the Internet',1095,10 );

INSERT INTO course VALUES (240,'Intro to the BASIC Language',1095,25 );

INSERT INTO course VALUES (310,'Operating Systems',1195,NULL );

INSERT INTO course VALUES (330,'Network Administration',1195,130 );

INSERT INTO course VALUES (350,'Java Developer II',1195,125 );

INSERT INTO course VALUES (420,'Database System Principles',1195,25 );

INSERT INTO course VALUES (430,'Java Developer III',1195,350 );

INSERT INTO course VALUES (450,'DB Programming with Java',NULL,350 );

COMMIT;

INSERT INTO enrollment VALUES (101,80,date(NOW()),NULL );

INSERT INTO enrollment VALUES (102,86,'2015-01-30',90 );

INSERT INTO enrollment VALUES (102,89,'2015-01-30',NULL );

INSERT INTO enrollment VALUES (102,83,'2015-01-30',92 );

INSERT INTO enrollment VALUES (103,81,'2015-01-30',NULL );

INSERT INTO enrollment VALUES (104,81,'2015-01-30',NULL );

INSERT INTO enrollment VALUES (105,155,'2015-01-30',NULL );

INSERT INTO enrollment VALUES (106,99,'2015-01-30',NULL );

INSERT INTO enrollment VALUES (106,101,'2015-01-30',NULL );

INSERT INTO enrollment VALUES (107,87,'2015-01-30',NULL );

INSERT INTO enrollment VALUES (108,86,'2015-01-30',NULL );

INSERT INTO enrollment VALUES (109,99,'2015-01-30',NULL );

INSERT INTO enrollment VALUES (109,101,'2015-01-30',NULL );

INSERT INTO enrollment VALUES (110,95,'2015-02-02',NULL );

INSERT INTO enrollment VALUES (110,154,'2015-02-02',NULL );

INSERT INTO enrollment VALUES (111,133,'2015-02-02',NULL );

INSERT INTO enrollment VALUES (111,142,'2015-02-02',NULL );

INSERT INTO enrollment VALUES (112,95,'2015-02-02',NULL );

INSERT INTO enrollment VALUES (112,154,'2015-02-02',NULL );

INSERT INTO enrollment VALUES (113,128,'2015-02-02',NULL );

INSERT INTO enrollment VALUES (113,156,'2015-02-02',NULL );

INSERT INTO enrollment VALUES (114,128,'2015-02-02',NULL );

INSERT INTO enrollment VALUES (114,156,'2015-02-02',NULL );

INSERT INTO enrollment VALUES (117,94,'2015-02-02',NULL );

INSERT INTO enrollment VALUES (117,130,'2015-02-02',NULL );

INSERT INTO enrollment VALUES (118,90,'2015-02-02',NULL );

INSERT INTO enrollment VALUES (119,103,'2015-02-02',NULL );

INSERT INTO enrollment VALUES (120,103,'2015-02-04',NULL );

INSERT INTO enrollment VALUES (121,87,'2015-02-04',NULL );

INSERT INTO enrollment VALUES (122,87,'2015-02-04',NULL );

INSERT INTO enrollment VALUES (123,87,'2015-02-04',NULL );

INSERT INTO enrollment VALUES (124,83,'2015-02-04',NULL );

INSERT INTO enrollment VALUES (124,87,'2015-02-04',NULL );

INSERT INTO enrollment VALUES (124,116,'2015-02-04',NULL );

INSERT INTO enrollment VALUES (124,148,'2015-02-04',NULL );

INSERT INTO enrollment VALUES (127,95,'2015-02-04',NULL );

INSERT INTO enrollment VALUES (127,155,'2015-02-04',NULL );

INSERT INTO enrollment VALUES (128,80,'2015-02-04',NULL );

INSERT INTO enrollment VALUES (129,113,'2015-02-04',NULL );

INSERT INTO enrollment VALUES (130,106,'2015-02-04',NULL );

INSERT INTO enrollment VALUES (130,141,'2015-02-04',NULL );

INSERT INTO enrollment VALUES (133,107,'2015-02-04',NULL );

INSERT INTO enrollment VALUES (133,131,'2015-02-04',NULL );

INSERT INTO enrollment VALUES (134,102,'2015-02-04',NULL );

INSERT INTO enrollment VALUES (135,112,'2015-02-04',NULL );

INSERT INTO enrollment VALUES (136,89,'2015-02-04',NULL );

INSERT INTO enrollment VALUES (137,89,'2015-02-04',NULL );

INSERT INTO enrollment VALUES (138,126,'2015-02-04',NULL );

INSERT INTO enrollment VALUES (138,152,'2015-02-04',NULL );

INSERT INTO enrollment VALUES (139,95,'2015-02-04',NULL );

INSERT INTO enrollment VALUES (140,94,'2015-02-07',NULL );

INSERT INTO enrollment VALUES (141,100,'2015-02-07',NULL );

INSERT INTO enrollment VALUES (142,143,'2015-02-07',NULL );

INSERT INTO enrollment VALUES (143,85,'2015-02-07',NULL );

INSERT INTO enrollment VALUES (144,152,'2015-02-07',NULL );

INSERT INTO enrollment VALUES (145,106,'2015-02-07',NULL );

INSERT INTO enrollment VALUES (146,147,'2015-02-07',NULL );

INSERT INTO enrollment VALUES (147,117,'2015-02-07',NULL );

INSERT INTO enrollment VALUES (147,120,'2015-02-07',NULL );

INSERT INTO enrollment VALUES (148,123,'2015-02-07',NULL );

INSERT INTO enrollment VALUES (149,147,'2015-02-07',NULL );

INSERT INTO enrollment VALUES (150,89,'2015-02-07',NULL );

INSERT INTO enrollment VALUES (151,89,'2015-02-07',NULL );

INSERT INTO enrollment VALUES (152,89,'2015-02-07',NULL );

INSERT INTO enrollment VALUES (153,144,'2015-02-07',NULL );

INSERT INTO enrollment VALUES (154,88,'2015-02-07',NULL );

INSERT INTO enrollment VALUES (156,147,'2015-02-07',NULL );

INSERT INTO enrollment VALUES (157,147,'2015-02-07',NULL );

INSERT INTO enrollment VALUES (158,84,'2015-02-07',NULL );

INSERT INTO enrollment VALUES (159,85,'2015-02-07',NULL );

INSERT INTO enrollment VALUES (160,130,'2015-02-10',NULL );

INSERT INTO enrollment VALUES (161,104,'2015-02-10',NULL );

INSERT INTO enrollment VALUES (162,133,'2015-02-10',NULL );

INSERT INTO enrollment VALUES (163,92,'2015-02-10',NULL );

INSERT INTO enrollment VALUES (164,89,'2015-02-10',NULL );

INSERT INTO enrollment VALUES (165,156,'2015-02-10',NULL );

INSERT INTO enrollment VALUES (166,88,'2015-02-10',NULL );

INSERT INTO enrollment VALUES (167,88,'2015-02-10',NULL );

INSERT INTO enrollment VALUES (168,133,'2015-02-10',NULL );

INSERT INTO enrollment VALUES (169,150,'2015-02-10',NULL );

INSERT INTO enrollment VALUES (170,156,'2015-02-10',NULL );

INSERT INTO enrollment VALUES (171,127,'2015-02-10',NULL );

INSERT INTO enrollment VALUES (172,155,'2015-02-10',NULL );

INSERT INTO enrollment VALUES (173,150,'2015-02-10',NULL );

INSERT INTO enrollment VALUES (173,156,'2015-02-10',NULL );

INSERT INTO enrollment VALUES (174,156,'2015-02-10',NULL );

INSERT INTO enrollment VALUES (175,141,'2015-02-10',NULL );

INSERT INTO enrollment VALUES (176,115,'2015-02-10',NULL );

INSERT INTO enrollment VALUES (176,132,'2015-02-10',NULL );

INSERT INTO enrollment VALUES (178,120,'2015-02-10',NULL );

INSERT INTO enrollment VALUES (178,135,'2015-02-10',NULL );

INSERT INTO enrollment VALUES (179,116,'2015-02-10',NULL );

INSERT INTO enrollment VALUES (180,116,'2015-02-11',NULL );

INSERT INTO enrollment VALUES (180,119,'2015-02-11',NULL );

INSERT INTO enrollment VALUES (181,117,'2015-02-11',NULL );

INSERT INTO enrollment VALUES (182,117,'2015-02-11',NULL );

INSERT INTO enrollment VALUES (184,116,'2015-02-11',NULL );

INSERT INTO enrollment VALUES (184,138,'2015-02-11',NULL );

INSERT INTO enrollment VALUES (184,146,'2015-02-11',NULL );

INSERT INTO enrollment VALUES (185,116,'2015-02-11',NULL );

INSERT INTO enrollment VALUES (186,107,'2015-02-11',NULL );

INSERT INTO enrollment VALUES (187,120,'2015-02-11',NULL );

INSERT INTO enrollment VALUES (188,117,'2015-02-11',NULL );

INSERT INTO enrollment VALUES (189,116,'2015-02-11',NULL );

INSERT INTO enrollment VALUES (189,137,'2015-02-11',NULL );

INSERT INTO enrollment VALUES (190,117,'2015-02-11',NULL );

INSERT INTO enrollment VALUES (191,117,'2015-02-11',NULL );

INSERT INTO enrollment VALUES (192,117,'2015-02-11',NULL );

INSERT INTO enrollment VALUES (193,119,'2015-02-11',NULL );

INSERT INTO enrollment VALUES (194,116,'2015-02-11',NULL );

INSERT INTO enrollment VALUES (195,141,'2015-02-11',NULL );

INSERT INTO enrollment VALUES (196,108,'2015-02-11',NULL );

INSERT INTO enrollment VALUES (197,109,'2015-02-11',NULL );

INSERT INTO enrollment VALUES (198,108,'2015-02-11',NULL );

INSERT INTO enrollment VALUES (199,84,'2015-02-11',NULL );

INSERT INTO enrollment VALUES (199,142,'2015-02-11',NULL );

INSERT INTO enrollment VALUES (200,106,'2015-02-13',NULL );

INSERT INTO enrollment VALUES (200,144,'2015-02-13',NULL );

INSERT INTO enrollment VALUES (201,143,'2015-02-13',NULL );

INSERT INTO enrollment VALUES (202,105,'2015-02-13',NULL );

INSERT INTO enrollment VALUES (203,132,'2015-02-13',NULL );

INSERT INTO enrollment VALUES (204,88,'2015-02-13',NULL );

INSERT INTO enrollment VALUES (205,88,'2015-02-13',NULL );

INSERT INTO enrollment VALUES (206,152,'2015-02-13',NULL );

INSERT INTO enrollment VALUES (207,152,'2015-02-13',NULL );

INSERT INTO enrollment VALUES (208,147,'2015-02-13',NULL );

INSERT INTO enrollment VALUES (209,147,'2015-02-13',NULL );

INSERT INTO enrollment VALUES (210,147,'2015-02-13',NULL );

INSERT INTO enrollment VALUES (211,86,'2015-02-13',NULL );

INSERT INTO enrollment VALUES (211,141,'2015-02-13',NULL );

INSERT INTO enrollment VALUES (212,86,'2015-02-13',NULL );

INSERT INTO enrollment VALUES (214,123,'2015-02-13',NULL );

INSERT INTO enrollment VALUES (214,135,'2015-02-13',NULL );

INSERT INTO enrollment VALUES (214,146,'2015-02-13',NULL );

INSERT INTO enrollment VALUES (214,156,'2015-02-13',NULL );

INSERT INTO enrollment VALUES (215,135,'2015-02-13',NULL );

INSERT INTO enrollment VALUES (215,146,'2015-02-13',NULL );

INSERT INTO enrollment VALUES (215,156,'2015-02-13',NULL );

INSERT INTO enrollment VALUES (216,154,'2015-02-13',NULL );

INSERT INTO enrollment VALUES (217,86,'2015-02-13',NULL );

INSERT INTO enrollment VALUES (218,90,'2015-02-13',NULL );

INSERT INTO enrollment VALUES (220,119,'2015-02-16',NULL );

INSERT INTO enrollment VALUES (221,104,'2015-02-16',NULL );

INSERT INTO enrollment VALUES (223,104,'2015-02-16',NULL );

INSERT INTO enrollment VALUES (223,119,'2015-02-16',NULL );

INSERT INTO enrollment VALUES (224,89,'2015-02-16',NULL );

INSERT INTO enrollment VALUES (225,89,'2015-02-16',NULL );

INSERT INTO enrollment VALUES (227,89,'2015-02-16',NULL );

INSERT INTO enrollment VALUES (227,96,'2015-02-16',NULL );

INSERT INTO enrollment VALUES (228,148,'2015-02-16',NULL );

INSERT INTO enrollment VALUES (229,111,'2015-02-16',NULL );

INSERT INTO enrollment VALUES (230,86,'2015-02-16',NULL );

INSERT INTO enrollment VALUES (232,91,'2015-02-16',NULL );

INSERT INTO enrollment VALUES (232,147,'2015-02-16',NULL );

INSERT INTO enrollment VALUES (232,149,'2015-02-16',NULL );

INSERT INTO enrollment VALUES (233,90,'2015-02-16',NULL );

INSERT INTO enrollment VALUES (233,112,'2015-02-16',NULL );

INSERT INTO enrollment VALUES (234,137,'2015-02-16',NULL );

INSERT INTO enrollment VALUES (235,83,'2015-02-16',NULL );

INSERT INTO enrollment VALUES (235,150,'2015-02-16',NULL );

INSERT INTO enrollment VALUES (236,138,'2015-02-16',NULL );

INSERT INTO enrollment VALUES (236,140,'2015-02-16',NULL );

INSERT INTO enrollment VALUES (237,85,'2015-02-16',NULL );

INSERT INTO enrollment VALUES (237,141,'2015-02-16',NULL );

INSERT INTO enrollment VALUES (238,85,'2015-02-16',NULL );

INSERT INTO enrollment VALUES (238,103,'2015-02-16',NULL );

INSERT INTO enrollment VALUES (238,141,'2015-02-16',NULL );

INSERT INTO enrollment VALUES (240,81,'2015-02-19',NULL );

INSERT INTO enrollment VALUES (241,155,'2015-02-19',NULL );

INSERT INTO enrollment VALUES (242,148,'2015-02-19',NULL );

INSERT INTO enrollment VALUES (243,103,'2015-02-19',NULL );

INSERT INTO enrollment VALUES (244,82,'2015-02-19',NULL );

INSERT INTO enrollment VALUES (245,82,'2015-02-19',NULL );

INSERT INTO enrollment VALUES (246,85,'2015-02-19',NULL );

INSERT INTO enrollment VALUES (247,92,'2015-02-19',NULL );

INSERT INTO enrollment VALUES (248,148,'2015-02-19',NULL );

INSERT INTO enrollment VALUES (248,155,'2015-02-19',NULL );

INSERT INTO enrollment VALUES (250,126,'2015-02-19',NULL );

INSERT INTO enrollment VALUES (250,146,'2015-02-19',NULL );

INSERT INTO enrollment VALUES (250,154,'2015-02-19',NULL );

INSERT INTO enrollment VALUES (251,99,'2015-02-19',NULL );

INSERT INTO enrollment VALUES (251,101,'2015-02-19',NULL );

INSERT INTO enrollment VALUES (252,99,'2015-02-19',NULL );

INSERT INTO enrollment VALUES (252,101,'2015-02-19',NULL );

INSERT INTO enrollment VALUES (253,89,'2015-02-19',NULL );

INSERT INTO enrollment VALUES (254,87,'2015-02-19',NULL );

INSERT INTO enrollment VALUES (256,87,'2015-02-19',NULL );

INSERT INTO enrollment VALUES (256,89,'2015-02-19',NULL );

INSERT INTO enrollment VALUES (257,90,'2015-02-19',NULL );

INSERT INTO enrollment VALUES (258,106,'2015-02-19',NULL );

INSERT INTO enrollment VALUES (259,105,'2015-02-19',NULL );

INSERT INTO enrollment VALUES (259,135,'2015-02-19',NULL );

INSERT INTO enrollment VALUES (260,105,'2015-02-21',NULL );

INSERT INTO enrollment VALUES (260,148,'2015-02-21',NULL );

INSERT INTO enrollment VALUES (261,105,'2015-02-21',NULL );

INSERT INTO enrollment VALUES (262,100,'2015-02-21',NULL );

INSERT INTO enrollment VALUES (263,105,'2015-02-21',NULL );

INSERT INTO enrollment VALUES (264,116,'2015-02-21',NULL );

INSERT INTO enrollment VALUES (265,92,'2015-02-21',NULL );

INSERT INTO enrollment VALUES (266,92,'2015-02-21',NULL );

INSERT INTO enrollment VALUES (267,95,'2015-02-21',NULL );

INSERT INTO enrollment VALUES (267,125,'2015-02-21',NULL );

INSERT INTO enrollment VALUES (268,126,'2015-02-21',NULL );

INSERT INTO enrollment VALUES (269,126,'2015-02-21',NULL );

INSERT INTO enrollment VALUES (270,126,'2015-02-21',NULL );

INSERT INTO enrollment VALUES (270,153,'2015-02-21',NULL );

INSERT INTO enrollment VALUES (271,91,'2015-02-21',NULL );

INSERT INTO enrollment VALUES (271,145,'2015-02-21',NULL );

INSERT INTO enrollment VALUES (272,153,'2015-02-21',NULL );

INSERT INTO enrollment VALUES (273,151,'2015-02-21',NULL );

INSERT INTO enrollment VALUES (274,151,'2015-02-21',NULL );

INSERT INTO enrollment VALUES (275,153,'2015-02-21',NULL );

INSERT INTO enrollment VALUES (276,99,'2015-02-21',NULL );

INSERT INTO enrollment VALUES (276,101,'2015-02-21',NULL );

INSERT INTO enrollment VALUES (277,99,'2015-02-21',NULL );

INSERT INTO enrollment VALUES (277,101,'2015-02-21',NULL );

INSERT INTO enrollment VALUES (278,99,'2015-02-21',NULL );

INSERT INTO enrollment VALUES (278,101,'2015-02-21',NULL );

INSERT INTO enrollment VALUES (279,99,'2015-02-21',NULL );

INSERT INTO enrollment VALUES (279,101,'2015-02-21',NULL );

INSERT INTO enrollment VALUES (280,99,'2015-02-21',NULL );

INSERT INTO enrollment VALUES (280,101,'2015-02-21',NULL );

INSERT INTO enrollment VALUES (281,99,'2015-02-21',NULL );

INSERT INTO enrollment VALUES (281,101,'2015-02-21',NULL );

INSERT INTO enrollment VALUES (282,99,'2015-02-21',NULL );

INSERT INTO enrollment VALUES (282,101,'2015-02-21',NULL );

INSERT INTO enrollment VALUES (283,99,'2015-02-21',NULL );

INSERT INTO enrollment VALUES (283,101,'2015-02-21',NULL );

update enrollment  
set final_grade = FLOOR(RAND() * (100 - 5 +1)) + 5;

COMMIT;

--- This record is added because of the new student who is the student self. AA
INSERT INTO grade VALUES (101,80,'FF',1,99,NULL );

INSERT INTO grade VALUES (102,83,'FI',1,92,NULL );

INSERT INTO grade VALUES (102,86,'FI',1,85,NULL );

INSERT INTO grade VALUES (102,86,'HM',1,90,NULL );

INSERT INTO grade VALUES (102,86,'HM',2,99,NULL );

INSERT INTO grade VALUES (102,86,'HM',3,82,NULL );

INSERT INTO grade VALUES (102,86,'HM',4,82,NULL );

INSERT INTO grade VALUES (102,86,'MT',1,90,NULL );

INSERT INTO grade VALUES (102,86,'PA',1,85,NULL );

INSERT INTO grade VALUES (102,86,'QZ',1,90,NULL );

INSERT INTO grade VALUES (102,86,'QZ',2,84,NULL );

INSERT INTO grade VALUES (102,86,'QZ',3,97,NULL );

INSERT INTO grade VALUES (102,86,'QZ',4,97,NULL );

INSERT INTO grade VALUES (102,89,'FI',1,92,NULL );

INSERT INTO grade VALUES (102,89,'MT',1,91,NULL );

INSERT INTO grade VALUES (103,81,'FI',1,91,NULL );

INSERT INTO grade VALUES (103,81,'HM',1,76,NULL );

INSERT INTO grade VALUES (103,81,'HM',2,75,NULL );

INSERT INTO grade VALUES (103,81,'HM',3,98,NULL );

INSERT INTO grade VALUES (103,81,'HM',4,98,NULL );

INSERT INTO grade VALUES (103,81,'MT',1,76,NULL );

INSERT INTO grade VALUES (103,81,'PA',1,91,NULL );

INSERT INTO grade VALUES (103,81,'QZ',1,76,NULL );

INSERT INTO grade VALUES (103,81,'QZ',2,90,NULL );

INSERT INTO grade VALUES (103,81,'QZ',3,83,NULL );

INSERT INTO grade VALUES (103,81,'QZ',4,73,NULL );

INSERT INTO grade VALUES (104,81,'FI',1,92,NULL );

INSERT INTO grade VALUES (104,81,'HM',1,77,NULL );

INSERT INTO grade VALUES (104,81,'HM',2,76,NULL );

INSERT INTO grade VALUES (104,81,'HM',3,99,NULL );

INSERT INTO grade VALUES (104,81,'HM',4,99,NULL );

INSERT INTO grade VALUES (104,81,'MT',1,77,NULL );

INSERT INTO grade VALUES (104,81,'PA',1,92,NULL );

INSERT INTO grade VALUES (104,81,'QZ',1,77,NULL );

INSERT INTO grade VALUES (104,81,'QZ',2,91,NULL );

INSERT INTO grade VALUES (104,81,'QZ',3,74,NULL );

INSERT INTO grade VALUES (104,81,'QZ',4,74,NULL );

INSERT INTO grade VALUES (105,155,'PA',1,83,NULL );

INSERT INTO grade VALUES (105,155,'PA',2,76,NULL );

INSERT INTO grade VALUES (105,155,'PA',3,99,NULL );

INSERT INTO grade VALUES (105,155,'PA',4,99,NULL );

INSERT INTO grade VALUES (105,155,'PA',5,72,NULL );

INSERT INTO grade VALUES (105,155,'PA',6,72,NULL );

INSERT INTO grade VALUES (105,155,'PA',7,82,NULL );

INSERT INTO grade VALUES (105,155,'PA',8,92,NULL );

INSERT INTO grade VALUES (105,155,'PA',9,92,NULL );

INSERT INTO grade VALUES (105,155,'PA',10,92,NULL );

INSERT INTO grade VALUES (105,155,'PA',11,77,NULL );

INSERT INTO grade VALUES (105,155,'PA',12,87,NULL );

INSERT INTO grade VALUES (105,155,'PJ',1,92,NULL );

INSERT INTO grade VALUES (106,99,'FI',1,84,NULL );

INSERT INTO grade VALUES (106,99,'HM',1,83,NULL );

INSERT INTO grade VALUES (106,99,'HM',2,83,NULL );

INSERT INTO grade VALUES (106,99,'HM',3,83,NULL );

INSERT INTO grade VALUES (106,99,'HM',4,73,NULL );

INSERT INTO grade VALUES (106,99,'MT',1,77,NULL );

INSERT INTO grade VALUES (106,99,'PA',1,90,NULL );

INSERT INTO grade VALUES (106,99,'QZ',1,91,NULL );

INSERT INTO grade VALUES (106,99,'QZ',2,90,NULL );

INSERT INTO grade VALUES (106,101,'FI',1,77,NULL );

INSERT INTO grade VALUES (106,101,'HM',1,76,NULL );

INSERT INTO grade VALUES (106,101,'HM',2,76,NULL );

INSERT INTO grade VALUES (106,101,'HM',3,86,NULL );

INSERT INTO grade VALUES (106,101,'HM',4,96,NULL );

INSERT INTO grade VALUES (106,101,'MT',1,90,NULL );

INSERT INTO grade VALUES (106,101,'PA',1,83,NULL );

INSERT INTO grade VALUES (106,101,'QZ',1,84,NULL );

INSERT INTO grade VALUES (106,101,'QZ',2,83,NULL );

INSERT INTO grade VALUES (107,87,'FI',1,76,NULL );

INSERT INTO grade VALUES (107,87,'HM',1,76,NULL );

INSERT INTO grade VALUES (107,87,'HM',2,90,NULL );

INSERT INTO grade VALUES (107,87,'HM',3,83,NULL );

INSERT INTO grade VALUES (107,87,'HM',4,73,NULL );

INSERT INTO grade VALUES (107,87,'HM',5,96,NULL );

INSERT INTO grade VALUES (107,87,'HM',6,96,NULL );

INSERT INTO grade VALUES (107,87,'HM',7,96,NULL );

INSERT INTO grade VALUES (107,87,'HM',8,86,NULL );

INSERT INTO grade VALUES (107,87,'HM',9,86,NULL );

INSERT INTO grade VALUES (107,87,'HM',10,86,NULL );

INSERT INTO grade VALUES (107,87,'MT',1,91,NULL );

INSERT INTO grade VALUES (108,86,'FI',1,76,NULL );

INSERT INTO grade VALUES (108,86,'HM',1,91,NULL );

INSERT INTO grade VALUES (108,86,'HM',2,90,NULL );

INSERT INTO grade VALUES (108,86,'HM',3,83,NULL );

INSERT INTO grade VALUES (108,86,'HM',4,73,NULL );

INSERT INTO grade VALUES (108,86,'MT',1,91,NULL );

INSERT INTO grade VALUES (108,86,'PA',1,76,NULL );

INSERT INTO grade VALUES (108,86,'QZ',1,91,NULL );

INSERT INTO grade VALUES (108,86,'QZ',2,75,NULL );

INSERT INTO grade VALUES (108,86,'QZ',3,98,NULL );

INSERT INTO grade VALUES (108,86,'QZ',4,98,NULL );

INSERT INTO grade VALUES (109,99,'FI',1,85,NULL );

INSERT INTO grade VALUES (109,99,'HM',1,84,NULL );

INSERT INTO grade VALUES (109,99,'HM',2,84,NULL );

INSERT INTO grade VALUES (109,99,'HM',3,74,NULL );

INSERT INTO grade VALUES (109,99,'HM',4,74,NULL );

INSERT INTO grade VALUES (109,99,'MT',1,88,NULL );

INSERT INTO grade VALUES (109,99,'PA',1,91,NULL );

INSERT INTO grade VALUES (109,99,'QZ',1,92,NULL );

INSERT INTO grade VALUES (109,99,'QZ',2,91,NULL );

INSERT INTO grade VALUES (109,101,'FI',1,88,NULL );

INSERT INTO grade VALUES (109,101,'HM',1,77,NULL );

INSERT INTO grade VALUES (109,101,'HM',2,87,NULL );

INSERT INTO grade VALUES (109,101,'HM',3,97,NULL );

INSERT INTO grade VALUES (109,101,'HM',4,97,NULL );

INSERT INTO grade VALUES (109,101,'MT',1,91,NULL );

INSERT INTO grade VALUES (109,101,'PA',1,84,NULL );

INSERT INTO grade VALUES (109,101,'QZ',1,85,NULL );

INSERT INTO grade VALUES (109,101,'QZ',2,84,NULL );

INSERT INTO grade VALUES (110,95,'FI',1,83,NULL );

INSERT INTO grade VALUES (110,95,'HM',1,92,NULL );

INSERT INTO grade VALUES (110,95,'HM',2,82,NULL );

INSERT INTO grade VALUES (110,95,'HM',3,82,NULL );

INSERT INTO grade VALUES (110,95,'HM',4,82,NULL );

INSERT INTO grade VALUES (110,95,'MT',1,76,NULL );

INSERT INTO grade VALUES (110,95,'PA',1,99,NULL );

INSERT INTO grade VALUES (110,95,'QZ',1,90,NULL );

INSERT INTO grade VALUES (110,95,'QZ',2,99,NULL );

INSERT INTO grade VALUES (110,154,'FI',1,85,NULL );

INSERT INTO grade VALUES (110,154,'HM',1,85,NULL );

INSERT INTO grade VALUES (110,154,'HM',2,99,NULL );

INSERT INTO grade VALUES (110,154,'HM',3,82,NULL );

INSERT INTO grade VALUES (110,154,'HM',4,82,NULL );

INSERT INTO grade VALUES (110,154,'HM',5,95,NULL );

INSERT INTO grade VALUES (110,154,'HM',6,95,NULL );

INSERT INTO grade VALUES (110,154,'HM',7,95,NULL );

INSERT INTO grade VALUES (110,154,'HM',8,95,NULL );

INSERT INTO grade VALUES (110,154,'HM',9,85,NULL );

INSERT INTO grade VALUES (110,154,'HM',10,85,NULL );

INSERT INTO grade VALUES (110,154,'MT',1,90,NULL );

INSERT INTO grade VALUES (111,133,'PA',1,91,NULL );

INSERT INTO grade VALUES (111,133,'PA',2,84,NULL );

INSERT INTO grade VALUES (111,133,'PA',3,97,NULL );

INSERT INTO grade VALUES (111,133,'PA',4,97,NULL );

INSERT INTO grade VALUES (111,133,'PA',5,80,NULL );

INSERT INTO grade VALUES (111,133,'PA',6,80,NULL );

INSERT INTO grade VALUES (111,133,'PA',7,70,NULL );

INSERT INTO grade VALUES (111,133,'PA',8,70,NULL );

INSERT INTO grade VALUES (111,133,'PA',9,80,NULL );

INSERT INTO grade VALUES (111,133,'PA',10,90,NULL );

INSERT INTO grade VALUES (111,133,'PA',11,85,NULL );

INSERT INTO grade VALUES (111,133,'PA',12,75,NULL );

INSERT INTO grade VALUES (111,133,'PJ',1,90,NULL );

INSERT INTO grade VALUES (111,142,'FI',1,85,NULL );

INSERT INTO grade VALUES (111,142,'HM',1,90,NULL );

INSERT INTO grade VALUES (111,142,'HM',2,99,NULL );

INSERT INTO grade VALUES (111,142,'HM',3,82,NULL );

INSERT INTO grade VALUES (111,142,'HM',4,82,NULL );

INSERT INTO grade VALUES (111,142,'MT',1,90,NULL );

INSERT INTO grade VALUES (111,142,'PA',1,85,NULL );

INSERT INTO grade VALUES (111,142,'QZ',1,90,NULL );

INSERT INTO grade VALUES (111,142,'QZ',2,84,NULL );

INSERT INTO grade VALUES (111,142,'QZ',3,97,NULL );

INSERT INTO grade VALUES (111,142,'QZ',4,97,NULL );

INSERT INTO grade VALUES (112,95,'FI',1,84,NULL );

INSERT INTO grade VALUES (112,95,'HM',1,83,NULL );

INSERT INTO grade VALUES (112,95,'HM',2,83,NULL );

INSERT INTO grade VALUES (112,95,'HM',3,83,NULL );

INSERT INTO grade VALUES (112,95,'HM',4,73,NULL );

INSERT INTO grade VALUES (112,95,'MT',1,77,NULL );

INSERT INTO grade VALUES (112,95,'PA',1,90,NULL );

INSERT INTO grade VALUES (112,95,'QZ',1,91,NULL );

INSERT INTO grade VALUES (112,95,'QZ',2,90,NULL );

INSERT INTO grade VALUES (112,154,'FI',1,76,NULL );

INSERT INTO grade VALUES (112,154,'HM',1,76,NULL );

INSERT INTO grade VALUES (112,154,'HM',2,90,NULL );

INSERT INTO grade VALUES (112,154,'HM',3,83,NULL );

INSERT INTO grade VALUES (112,154,'HM',4,73,NULL );

INSERT INTO grade VALUES (112,154,'HM',5,96,NULL );

INSERT INTO grade VALUES (112,154,'HM',6,96,NULL );

INSERT INTO grade VALUES (112,154,'HM',7,96,NULL );

INSERT INTO grade VALUES (112,154,'HM',8,86,NULL );

INSERT INTO grade VALUES (112,154,'HM',9,86,NULL );

INSERT INTO grade VALUES (112,154,'HM',10,86,NULL );

INSERT INTO grade VALUES (112,154,'MT',1,91,NULL );

INSERT INTO grade VALUES (113,128,'FI',1,76,NULL );

INSERT INTO grade VALUES (113,128,'HM',1,76,NULL );

INSERT INTO grade VALUES (113,128,'HM',2,90,NULL );

INSERT INTO grade VALUES (113,128,'HM',3,83,NULL );

INSERT INTO grade VALUES (113,128,'HM',4,73,NULL );

INSERT INTO grade VALUES (113,128,'HM',5,96,NULL );

INSERT INTO grade VALUES (113,128,'HM',6,96,NULL );

INSERT INTO grade VALUES (113,128,'HM',7,96,NULL );

INSERT INTO grade VALUES (113,128,'HM',8,86,NULL );

INSERT INTO grade VALUES (113,128,'HM',9,86,NULL );

INSERT INTO grade VALUES (113,128,'HM',10,86,NULL );

INSERT INTO grade VALUES (113,128,'MT',1,91,NULL );

INSERT INTO grade VALUES (113,156,'FI',1,83,NULL );

INSERT INTO grade VALUES (113,156,'MT',1,92,NULL );

INSERT INTO grade VALUES (114,128,'FI',1,77,NULL );

INSERT INTO grade VALUES (114,128,'HM',1,77,NULL );

INSERT INTO grade VALUES (114,128,'HM',2,91,NULL );

INSERT INTO grade VALUES (114,128,'HM',3,74,NULL );

INSERT INTO grade VALUES (114,128,'HM',4,74,NULL );

INSERT INTO grade VALUES (114,128,'HM',5,97,NULL );

INSERT INTO grade VALUES (114,128,'HM',6,97,NULL );

INSERT INTO grade VALUES (114,128,'HM',7,87,NULL );

INSERT INTO grade VALUES (114,128,'HM',8,87,NULL );

INSERT INTO grade VALUES (114,128,'HM',9,87,NULL );

INSERT INTO grade VALUES (114,128,'HM',10,77,NULL );

INSERT INTO grade VALUES (114,128,'MT',1,92,NULL );

INSERT INTO grade VALUES (114,156,'FI',1,84,NULL );

INSERT INTO grade VALUES (114,156,'MT',1,83,NULL );

INSERT INTO grade VALUES (117,94,'FI',1,84,NULL );

INSERT INTO grade VALUES (117,94,'HM',1,99,NULL );

INSERT INTO grade VALUES (117,94,'HM',2,98,NULL );

INSERT INTO grade VALUES (117,94,'HM',3,81,NULL );

INSERT INTO grade VALUES (117,94,'HM',4,81,NULL );

INSERT INTO grade VALUES (117,94,'MT',1,99,NULL );

INSERT INTO grade VALUES (117,94,'PA',1,84,NULL );

INSERT INTO grade VALUES (117,94,'QZ',1,99,NULL );

INSERT INTO grade VALUES (117,94,'QZ',2,83,NULL );

INSERT INTO grade VALUES (117,94,'QZ',3,86,NULL );

INSERT INTO grade VALUES (117,94,'QZ',4,96,NULL );

INSERT INTO grade VALUES (117,130,'FI',1,92,NULL );

INSERT INTO grade VALUES (117,130,'HM',1,91,NULL );

INSERT INTO grade VALUES (117,130,'HM',2,91,NULL );

INSERT INTO grade VALUES (117,130,'HM',3,81,NULL );

INSERT INTO grade VALUES (117,130,'HM',4,81,NULL );

INSERT INTO grade VALUES (117,130,'MT',1,85,NULL );

INSERT INTO grade VALUES (117,130,'PA',1,88,NULL );

INSERT INTO grade VALUES (117,130,'QZ',1,99,NULL );

INSERT INTO grade VALUES (117,130,'QZ',2,98,NULL );

INSERT INTO grade VALUES (118,90,'FI',1,91,NULL );

INSERT INTO grade VALUES (118,90,'MT',1,90,NULL );

INSERT INTO grade VALUES (119,103,'FI',1,76,NULL );

INSERT INTO grade VALUES (119,103,'HM',1,85,NULL );

INSERT INTO grade VALUES (119,103,'HM',2,75,NULL );

INSERT INTO grade VALUES (119,103,'HM',3,75,NULL );

INSERT INTO grade VALUES (119,103,'HM',4,85,NULL );

INSERT INTO grade VALUES (119,103,'MT',1,99,NULL );

INSERT INTO grade VALUES (119,103,'PA',1,92,NULL );

INSERT INTO grade VALUES (119,103,'QZ',1,83,NULL );

INSERT INTO grade VALUES (119,103,'QZ',2,82,NULL );

INSERT INTO grade VALUES (120,103,'FI',1,77,NULL );

INSERT INTO grade VALUES (120,103,'HM',1,76,NULL );

INSERT INTO grade VALUES (120,103,'HM',2,76,NULL );

INSERT INTO grade VALUES (120,103,'HM',3,86,NULL );

INSERT INTO grade VALUES (120,103,'HM',4,96,NULL );

INSERT INTO grade VALUES (120,103,'MT',1,90,NULL );

INSERT INTO grade VALUES (120,103,'PA',1,83,NULL );

INSERT INTO grade VALUES (120,103,'QZ',1,84,NULL );

INSERT INTO grade VALUES (120,103,'QZ',2,83,NULL );

INSERT INTO grade VALUES (121,87,'FI',1,77,NULL );

INSERT INTO grade VALUES (121,87,'HM',1,77,NULL );

INSERT INTO grade VALUES (121,87,'HM',2,91,NULL );

INSERT INTO grade VALUES (121,87,'HM',3,74,NULL );

INSERT INTO grade VALUES (121,87,'HM',4,74,NULL );

INSERT INTO grade VALUES (121,87,'HM',5,97,NULL );

INSERT INTO grade VALUES (121,87,'HM',6,97,NULL );

INSERT INTO grade VALUES (121,87,'HM',7,87,NULL );

INSERT INTO grade VALUES (121,87,'HM',8,87,NULL );

INSERT INTO grade VALUES (121,87,'HM',9,87,NULL );

INSERT INTO grade VALUES (121,87,'HM',10,77,NULL );

INSERT INTO grade VALUES (121,87,'MT',1,92,NULL );

INSERT INTO grade VALUES (122,87,'FI',1,88,NULL );

INSERT INTO grade VALUES (122,87,'HM',1,88,NULL );

INSERT INTO grade VALUES (122,87,'HM',2,82,NULL );

INSERT INTO grade VALUES (122,87,'HM',3,75,NULL );

INSERT INTO grade VALUES (122,87,'HM',4,85,NULL );

INSERT INTO grade VALUES (122,87,'HM',5,98,NULL );

INSERT INTO grade VALUES (122,87,'HM',6,88,NULL );

INSERT INTO grade VALUES (122,87,'HM',7,88,NULL );

INSERT INTO grade VALUES (122,87,'HM',8,88,NULL );

INSERT INTO grade VALUES (122,87,'HM',9,78,NULL );

INSERT INTO grade VALUES (122,87,'HM',10,78,NULL );

INSERT INTO grade VALUES (122,87,'MT',1,83,NULL );

INSERT INTO grade VALUES (123,87,'FI',1,99,NULL );

INSERT INTO grade VALUES (123,87,'HM',1,99,NULL );

INSERT INTO grade VALUES (123,87,'HM',2,83,NULL );

INSERT INTO grade VALUES (123,87,'HM',3,86,NULL );

INSERT INTO grade VALUES (123,87,'HM',4,96,NULL );

INSERT INTO grade VALUES (123,87,'HM',5,89,NULL );

INSERT INTO grade VALUES (123,87,'HM',6,89,NULL );

INSERT INTO grade VALUES (123,87,'HM',7,89,NULL );

INSERT INTO grade VALUES (123,87,'HM',8,79,NULL );

INSERT INTO grade VALUES (123,87,'HM',9,79,NULL );

INSERT INTO grade VALUES (123,87,'HM',10,89,NULL );

INSERT INTO grade VALUES (123,87,'MT',1,84,NULL );

INSERT INTO grade VALUES (124,83,'FI',1,99,NULL);

INSERT INTO grade VALUES (124,87,'FI',1,90,NULL );

INSERT INTO grade VALUES (124,87,'HM',1,90,NULL );

INSERT INTO grade VALUES (124,87,'HM',2,84,NULL );

INSERT INTO grade VALUES (124,87,'HM',3,97,NULL );

INSERT INTO grade VALUES (124,87,'HM',4,97,NULL );

INSERT INTO grade VALUES (124,87,'HM',5,80,NULL );

INSERT INTO grade VALUES (124,87,'HM',6,80,NULL );

INSERT INTO grade VALUES (124,87,'HM',7,70,NULL );

INSERT INTO grade VALUES (124,87,'HM',8,70,NULL );

INSERT INTO grade VALUES (124,87,'HM',9,80,NULL );

INSERT INTO grade VALUES (124,87,'HM',10,90,NULL );

INSERT INTO grade VALUES (124,87,'MT',1,85,NULL );

INSERT INTO grade VALUES (124,116,'FI',1,99,NULL );

INSERT INTO grade VALUES (124,116,'HM',1,88,NULL );

INSERT INTO grade VALUES (124,116,'HM',2,98,NULL );

INSERT INTO grade VALUES (124,116,'HM',3,98,NULL );

INSERT INTO grade VALUES (124,116,'HM',4,98,NULL );

INSERT INTO grade VALUES (124,116,'MT',1,92,NULL );

INSERT INTO grade VALUES (124,116,'PA',1,85,NULL );

INSERT INTO grade VALUES (124,116,'QZ',1,76,NULL );

INSERT INTO grade VALUES (124,116,'QZ',2,75,NULL );

INSERT INTO grade VALUES (124,148,'FI',1,84,NULL );

INSERT INTO grade VALUES (124,148,'HM',1,84,NULL );

INSERT INTO grade VALUES (124,148,'HM',2,98,NULL );

INSERT INTO grade VALUES (124,148,'HM',3,81,NULL );

INSERT INTO grade VALUES (124,148,'HM',4,81,NULL );

INSERT INTO grade VALUES (124,148,'HM',5,84,NULL );

INSERT INTO grade VALUES (124,148,'HM',6,94,NULL );

INSERT INTO grade VALUES (124,148,'HM',7,94,NULL );

INSERT INTO grade VALUES (124,148,'HM',8,94,NULL );

INSERT INTO grade VALUES (124,148,'HM',9,94,NULL );

INSERT INTO grade VALUES (124,148,'HM',10,84,NULL );

INSERT INTO grade VALUES (124,148,'MT',1,99,NULL );

INSERT INTO grade VALUES (127,95,'FI',1,85,NULL );

INSERT INTO grade VALUES (127,95,'HM',1,84,NULL );

INSERT INTO grade VALUES (127,95,'HM',2,84,NULL );

INSERT INTO grade VALUES (127,95,'HM',3,74,NULL );

INSERT INTO grade VALUES (127,95,'HM',4,74,NULL );

INSERT INTO grade VALUES (127,95,'MT',1,88,NULL );

INSERT INTO grade VALUES (127,95,'PA',1,91,NULL );

INSERT INTO grade VALUES (127,95,'QZ',1,92,NULL );

INSERT INTO grade VALUES (127,95,'QZ',2,91,NULL );

INSERT INTO grade VALUES (127,155,'PA',1,84,NULL );

INSERT INTO grade VALUES (127,155,'PA',2,87,NULL );

INSERT INTO grade VALUES (127,155,'PA',3,90,NULL );

INSERT INTO grade VALUES (127,155,'PA',4,80,NULL );

INSERT INTO grade VALUES (127,155,'PA',5,73,NULL );

INSERT INTO grade VALUES (127,155,'PA',6,83,NULL );

INSERT INTO grade VALUES (127,155,'PA',7,93,NULL );

INSERT INTO grade VALUES (127,155,'PA',8,93,NULL );

INSERT INTO grade VALUES (127,155,'PA',9,93,NULL );

INSERT INTO grade VALUES (127,155,'PA',10,93,NULL );

INSERT INTO grade VALUES (127,155,'PA',11,88,NULL );

INSERT INTO grade VALUES (127,155,'PA',12,98,NULL );

INSERT INTO grade VALUES (127,155,'PJ',1,83,NULL );

INSERT INTO grade VALUES (128,80,'FI',1,91,NULL );

INSERT INTO grade VALUES (128,80,'HM',1,76,NULL );

INSERT INTO grade VALUES (128,80,'HM',2,75,NULL );

INSERT INTO grade VALUES (128,80,'HM',3,98,NULL );

INSERT INTO grade VALUES (128,80,'HM',4,98,NULL );

INSERT INTO grade VALUES (128,80,'MT',1,76,NULL );

INSERT INTO grade VALUES (128,80,'PA',1,91,NULL );

INSERT INTO grade VALUES (128,80,'QZ',1,76,NULL );

INSERT INTO grade VALUES (128,80,'QZ',2,90,NULL );

INSERT INTO grade VALUES (128,80,'QZ',3,83,NULL );

INSERT INTO grade VALUES (128,80,'QZ',4,73,NULL );

INSERT INTO grade VALUES (129,113,'FI',1,76,NULL );

INSERT INTO grade VALUES (129,113,'HM',1,91,NULL );

INSERT INTO grade VALUES (129,113,'HM',2,90,NULL );

INSERT INTO grade VALUES (129,113,'HM',3,83,NULL );

INSERT INTO grade VALUES (129,113,'HM',4,73,NULL );

INSERT INTO grade VALUES (129,113,'MT',1,91,NULL );

INSERT INTO grade VALUES (129,113,'PA',1,76,NULL );

INSERT INTO grade VALUES (129,113,'QZ',1,91,NULL );

INSERT INTO grade VALUES (129,113,'QZ',2,75,NULL );

INSERT INTO grade VALUES (129,113,'QZ',3,98,NULL );

INSERT INTO grade VALUES (129,113,'QZ',4,98,NULL );

INSERT INTO grade VALUES (130,106,'FI',1,90,NULL );

INSERT INTO grade VALUES (130,106,'HM',1,85,NULL );

INSERT INTO grade VALUES (130,106,'HM',2,84,NULL );

INSERT INTO grade VALUES (130,106,'HM',3,97,NULL );

INSERT INTO grade VALUES (130,106,'HM',4,97,NULL );

INSERT INTO grade VALUES (130,106,'MT',1,85,NULL );

INSERT INTO grade VALUES (130,106,'PA',1,90,NULL );

INSERT INTO grade VALUES (130,106,'QZ',1,85,NULL );

INSERT INTO grade VALUES (130,106,'QZ',2,99,NULL );

INSERT INTO grade VALUES (130,106,'QZ',3,82,NULL );

INSERT INTO grade VALUES (130,106,'QZ',4,82,NULL );

INSERT INTO grade VALUES (130,141,'FI',1,77,NULL );

INSERT INTO grade VALUES (130,141,'HM',1,76,NULL );

INSERT INTO grade VALUES (130,141,'HM',2,76,NULL );

INSERT INTO grade VALUES (130,141,'HM',3,86,NULL );

INSERT INTO grade VALUES (130,141,'HM',4,96,NULL );

INSERT INTO grade VALUES (130,141,'MT',1,90,NULL );

INSERT INTO grade VALUES (130,141,'PA',1,83,NULL );

INSERT INTO grade VALUES (130,141,'QZ',1,84,NULL );

INSERT INTO grade VALUES (130,141,'QZ',2,83,NULL );

INSERT INTO grade VALUES (133,107,'FI',1,99,NULL );

INSERT INTO grade VALUES (133,107,'HM',1,88,NULL );

INSERT INTO grade VALUES (133,107,'HM',2,98,NULL );

INSERT INTO grade VALUES (133,107,'HM',3,98,NULL );

INSERT INTO grade VALUES (133,107,'HM',4,98,NULL );

INSERT INTO grade VALUES (133,107,'MT',1,92,NULL );

INSERT INTO grade VALUES (133,107,'PA',1,85,NULL );

INSERT INTO grade VALUES (133,107,'QZ',1,76,NULL );

INSERT INTO grade VALUES (133,107,'QZ',2,75,NULL );

INSERT INTO grade VALUES (133,131,'FI',1,76,NULL );

INSERT INTO grade VALUES (133,131,'HM',1,91,NULL );

INSERT INTO grade VALUES (133,131,'HM',2,90,NULL );

INSERT INTO grade VALUES (133,131,'HM',3,83,NULL );

INSERT INTO grade VALUES (133,131,'HM',4,73,NULL );

INSERT INTO grade VALUES (133,131,'MT',1,91,NULL );

INSERT INTO grade VALUES (133,131,'PA',1,76,NULL );

INSERT INTO grade VALUES (133,131,'QZ',1,91,NULL );

INSERT INTO grade VALUES (133,131,'QZ',2,75,NULL );

INSERT INTO grade VALUES (133,131,'QZ',3,98,NULL );

INSERT INTO grade VALUES (133,131,'QZ',4,98,NULL );

INSERT INTO grade VALUES (134,102,'FI',1,92,NULL );

INSERT INTO grade VALUES (134,102,'HM',1,77,NULL );

INSERT INTO grade VALUES (134,102,'HM',2,76,NULL );

INSERT INTO grade VALUES (134,102,'HM',3,99,NULL );

INSERT INTO grade VALUES (134,102,'HM',4,99,NULL );

INSERT INTO grade VALUES (134,102,'MT',1,77,NULL );

INSERT INTO grade VALUES (134,102,'PA',1,92,NULL );

INSERT INTO grade VALUES (134,102,'QZ',1,77,NULL );

INSERT INTO grade VALUES (134,102,'QZ',2,91,NULL );

INSERT INTO grade VALUES (134,102,'QZ',3,74,NULL );

INSERT INTO grade VALUES (134,102,'QZ',4,74,NULL );

INSERT INTO grade VALUES (135,112,'FI',1,76,NULL );

INSERT INTO grade VALUES (135,112,'HM',1,85,NULL );

INSERT INTO grade VALUES (135,112,'HM',2,75,NULL );

INSERT INTO grade VALUES (135,112,'HM',3,75,NULL );

INSERT INTO grade VALUES (135,112,'HM',4,85,NULL );

INSERT INTO grade VALUES (135,112,'MT',1,99,NULL );

INSERT INTO grade VALUES (135,112,'PA',1,92,NULL );

INSERT INTO grade VALUES (135,112,'QZ',1,83,NULL );

INSERT INTO grade VALUES (135,112,'QZ',2,82,NULL );

INSERT INTO grade VALUES (136,89,'FI',1,83,NULL );

INSERT INTO grade VALUES (136,89,'MT',1,92,NULL );

INSERT INTO grade VALUES (137,89,'FI',1,84,NULL );

INSERT INTO grade VALUES (137,89,'MT',1,83,NULL );

INSERT INTO grade VALUES (138,126,'FI',1,84,NULL );

INSERT INTO grade VALUES (138,126,'HM',1,83,NULL );

INSERT INTO grade VALUES (138,126,'HM',2,83,NULL );

INSERT INTO grade VALUES (138,126,'HM',3,83,NULL );

INSERT INTO grade VALUES (138,126,'HM',4,73,NULL );

INSERT INTO grade VALUES (138,126,'MT',1,77,NULL );

INSERT INTO grade VALUES (138,126,'PA',1,90,NULL );

INSERT INTO grade VALUES (138,126,'QZ',1,91,NULL );

INSERT INTO grade VALUES (138,126,'QZ',2,90,NULL );

INSERT INTO grade VALUES (138,152,'FI',1,88,NULL );

INSERT INTO grade VALUES (138,152,'HM',1,77,NULL );

INSERT INTO grade VALUES (138,152,'HM',2,87,NULL );

INSERT INTO grade VALUES (138,152,'HM',3,97,NULL );

INSERT INTO grade VALUES (138,152,'HM',4,97,NULL );

INSERT INTO grade VALUES (138,152,'MT',1,91,NULL );

INSERT INTO grade VALUES (138,152,'PA',1,84,NULL );

INSERT INTO grade VALUES (138,152,'QZ',1,85,NULL );

INSERT INTO grade VALUES (138,152,'QZ',2,84,NULL );

INSERT INTO grade VALUES (139,95,'FI',1,76,NULL );

INSERT INTO grade VALUES (139,95,'HM',1,85,NULL );

INSERT INTO grade VALUES (139,95,'HM',2,75,NULL );

INSERT INTO grade VALUES (139,95,'HM',3,75,NULL );

INSERT INTO grade VALUES (139,95,'HM',4,85,NULL );

INSERT INTO grade VALUES (139,95,'MT',1,99,NULL );

INSERT INTO grade VALUES (139,95,'PA',1,92,NULL );

INSERT INTO grade VALUES (139,95,'QZ',1,83,NULL );

INSERT INTO grade VALUES (139,95,'QZ',2,82,NULL );

INSERT INTO grade VALUES (140,94,'FI',1,85,NULL );

INSERT INTO grade VALUES (140,94,'HM',1,90,NULL );

INSERT INTO grade VALUES (140,94,'HM',2,99,NULL );

INSERT INTO grade VALUES (140,94,'HM',3,82,NULL );

INSERT INTO grade VALUES (140,94,'HM',4,82,NULL );

INSERT INTO grade VALUES (140,94,'MT',1,90,NULL );

INSERT INTO grade VALUES (140,94,'PA',1,85,NULL );

INSERT INTO grade VALUES (140,94,'QZ',1,90,NULL );

INSERT INTO grade VALUES (140,94,'QZ',2,84,NULL );

INSERT INTO grade VALUES (140,94,'QZ',3,97,NULL );

INSERT INTO grade VALUES (140,94,'QZ',4,97,NULL );

INSERT INTO grade VALUES (141,100,'FI',1,84,NULL );

INSERT INTO grade VALUES (141,100,'HM',1,99,NULL );

INSERT INTO grade VALUES (141,100,'HM',2,98,NULL );

INSERT INTO grade VALUES (141,100,'HM',3,81,NULL );

INSERT INTO grade VALUES (141,100,'HM',4,81,NULL );

INSERT INTO grade VALUES (141,100,'MT',1,99,NULL );

INSERT INTO grade VALUES (141,100,'PA',1,84,NULL );

INSERT INTO grade VALUES (141,100,'QZ',1,99,NULL );

INSERT INTO grade VALUES (141,100,'QZ',2,83,NULL );

INSERT INTO grade VALUES (141,100,'QZ',3,86,NULL );

INSERT INTO grade VALUES (141,100,'QZ',4,96,NULL );

INSERT INTO grade VALUES (142,143,'FI',1,92,NULL );

INSERT INTO grade VALUES (142,143,'HM',1,92,NULL );

INSERT INTO grade VALUES (142,143,'HM',2,76,NULL );

INSERT INTO grade VALUES (142,143,'HM',3,99,NULL );

INSERT INTO grade VALUES (142,143,'HM',4,99,NULL );

INSERT INTO grade VALUES (142,143,'HM',5,72,NULL );

INSERT INTO grade VALUES (142,143,'HM',6,72,NULL );

INSERT INTO grade VALUES (142,143,'HM',7,82,NULL );

INSERT INTO grade VALUES (142,143,'HM',8,92,NULL );

INSERT INTO grade VALUES (142,143,'HM',9,92,NULL );

INSERT INTO grade VALUES (142,143,'HM',10,92,NULL );

INSERT INTO grade VALUES (142,143,'MT',1,77,NULL );

INSERT INTO grade VALUES (143,85,'FI',1,92,NULL );

INSERT INTO grade VALUES (143,85,'HM',1,91,NULL );

INSERT INTO grade VALUES (143,85,'HM',2,91,NULL );

INSERT INTO grade VALUES (143,85,'HM',3,81,NULL );

INSERT INTO grade VALUES (143,85,'HM',4,81,NULL );

INSERT INTO grade VALUES (143,85,'MT',1,85,NULL );

INSERT INTO grade VALUES (143,85,'PA',1,88,NULL );

INSERT INTO grade VALUES (143,85,'QZ',1,99,NULL );

INSERT INTO grade VALUES (143,85,'QZ',2,98,NULL );

INSERT INTO grade VALUES (144,152,'FI',1,99,NULL );

INSERT INTO grade VALUES (144,152,'HM',1,88,NULL );

INSERT INTO grade VALUES (144,152,'HM',2,98,NULL );

INSERT INTO grade VALUES (144,152,'HM',3,98,NULL );

INSERT INTO grade VALUES (144,152,'HM',4,98,NULL );

INSERT INTO grade VALUES (144,152,'MT',1,92,NULL );

INSERT INTO grade VALUES (144,152,'PA',1,85,NULL );

INSERT INTO grade VALUES (144,152,'QZ',1,76,NULL );

INSERT INTO grade VALUES (144,152,'QZ',2,75,NULL );

INSERT INTO grade VALUES (145,106,'FI',1,91,NULL );

INSERT INTO grade VALUES (145,106,'HM',1,76,NULL );

INSERT INTO grade VALUES (145,106,'HM',2,75,NULL );

INSERT INTO grade VALUES (145,106,'HM',3,98,NULL );

INSERT INTO grade VALUES (145,106,'HM',4,98,NULL );

INSERT INTO grade VALUES (145,106,'MT',1,76,NULL );

INSERT INTO grade VALUES (145,106,'PA',1,91,NULL );

INSERT INTO grade VALUES (145,106,'QZ',1,76,NULL );

INSERT INTO grade VALUES (145,106,'QZ',2,90,NULL );

INSERT INTO grade VALUES (145,106,'QZ',3,83,NULL );

INSERT INTO grade VALUES (145,106,'QZ',4,73,NULL );

INSERT INTO grade VALUES (146,147,'FI',1,84,NULL );

INSERT INTO grade VALUES (146,147,'HM',1,99,NULL );

INSERT INTO grade VALUES (146,147,'HM',2,98,NULL );

INSERT INTO grade VALUES (146,147,'HM',3,81,NULL );

INSERT INTO grade VALUES (146,147,'HM',4,81,NULL );

INSERT INTO grade VALUES (146,147,'MT',1,99,NULL );

INSERT INTO grade VALUES (146,147,'PA',1,84,NULL );

INSERT INTO grade VALUES (146,147,'QZ',1,99,NULL );

INSERT INTO grade VALUES (146,147,'QZ',2,83,NULL );

INSERT INTO grade VALUES (146,147,'QZ',3,86,NULL );

INSERT INTO grade VALUES (146,147,'QZ',4,96,NULL );

INSERT INTO grade VALUES (147,117,'FI',1,99,NULL );

INSERT INTO grade VALUES (147,117,'HM',1,84,NULL );

INSERT INTO grade VALUES (147,117,'HM',2,83,NULL );

INSERT INTO grade VALUES (147,117,'HM',3,86,NULL );

INSERT INTO grade VALUES (147,117,'HM',4,96,NULL );

INSERT INTO grade VALUES (147,117,'MT',1,84,NULL );

INSERT INTO grade VALUES (147,117,'PA',1,99,NULL );

INSERT INTO grade VALUES (147,117,'QZ',1,84,NULL );

INSERT INTO grade VALUES (147,117,'QZ',2,98,NULL );

INSERT INTO grade VALUES (147,117,'QZ',3,81,NULL );

INSERT INTO grade VALUES (147,117,'QZ',4,81,NULL );

INSERT INTO grade VALUES (147,120,'FI',1,76,NULL );

INSERT INTO grade VALUES (147,120,'HM',1,91,NULL );

INSERT INTO grade VALUES (147,120,'HM',2,90,NULL );

INSERT INTO grade VALUES (147,120,'HM',3,83,NULL );

INSERT INTO grade VALUES (147,120,'HM',4,73,NULL );

INSERT INTO grade VALUES (147,120,'MT',1,91,NULL );

INSERT INTO grade VALUES (147,120,'PA',1,76,NULL );

INSERT INTO grade VALUES (147,120,'QZ',1,91,NULL );

INSERT INTO grade VALUES (147,120,'QZ',2,75,NULL );

INSERT INTO grade VALUES (147,120,'QZ',3,98,NULL );

INSERT INTO grade VALUES (147,120,'QZ',4,98,NULL );

INSERT INTO grade VALUES (148,123,'FI',1,91,NULL );

INSERT INTO grade VALUES (148,123,'HM',1,90,NULL );

INSERT INTO grade VALUES (148,123,'HM',2,90,NULL );

INSERT INTO grade VALUES (148,123,'HM',3,90,NULL );

INSERT INTO grade VALUES (148,123,'HM',4,80,NULL );

INSERT INTO grade VALUES (148,123,'MT',1,84,NULL );

INSERT INTO grade VALUES (148,123,'PA',1,77,NULL );

INSERT INTO grade VALUES (148,123,'QZ',1,88,NULL );

INSERT INTO grade VALUES (148,123,'QZ',2,87,NULL );

INSERT INTO grade VALUES (149,147,'FI',1,85,NULL );

INSERT INTO grade VALUES (149,147,'HM',1,90,NULL );

INSERT INTO grade VALUES (149,147,'HM',2,99,NULL );

INSERT INTO grade VALUES (149,147,'HM',3,82,NULL );

INSERT INTO grade VALUES (149,147,'HM',4,82,NULL );

INSERT INTO grade VALUES (149,147,'MT',1,90,NULL );

INSERT INTO grade VALUES (149,147,'PA',1,85,NULL );

INSERT INTO grade VALUES (149,147,'QZ',1,90,NULL );

INSERT INTO grade VALUES (149,147,'QZ',2,84,NULL );

INSERT INTO grade VALUES (149,147,'QZ',3,97,NULL );

INSERT INTO grade VALUES (149,147,'QZ',4,97,NULL );

INSERT INTO grade VALUES (150,89,'FI',1,85,NULL );

INSERT INTO grade VALUES (150,89,'MT',1,84,NULL );

INSERT INTO grade VALUES (151,89,'FI',1,76,NULL );

INSERT INTO grade VALUES (151,89,'MT',1,85,NULL );

INSERT INTO grade VALUES (152,89,'FI',1,77,NULL );

INSERT INTO grade VALUES (152,89,'MT',1,76,NULL );

INSERT INTO grade VALUES (153,144,'PA',1,83,NULL );

INSERT INTO grade VALUES (153,144,'PA',2,76,NULL );

INSERT INTO grade VALUES (153,144,'PA',3,99,NULL );

INSERT INTO grade VALUES (153,144,'PA',4,99,NULL );

INSERT INTO grade VALUES (153,144,'PA',5,72,NULL );

INSERT INTO grade VALUES (153,144,'PA',6,72,NULL );

INSERT INTO grade VALUES (153,144,'PA',7,82,NULL );

INSERT INTO grade VALUES (153,144,'PA',8,92,NULL );

INSERT INTO grade VALUES (153,144,'PA',9,92,NULL );

INSERT INTO grade VALUES (153,144,'PA',10,92,NULL );

INSERT INTO grade VALUES (153,144,'PA',11,77,NULL );

INSERT INTO grade VALUES (153,144,'PA',12,87,NULL );

INSERT INTO grade VALUES (153,144,'PJ',1,92,NULL );

INSERT INTO grade VALUES (154,88,'PA',1,99,NULL );

INSERT INTO grade VALUES (154,88,'PA',2,82,NULL );

INSERT INTO grade VALUES (154,88,'PA',3,75,NULL );

INSERT INTO grade VALUES (154,88,'PA',4,85,NULL );

INSERT INTO grade VALUES (154,88,'PA',5,98,NULL );

INSERT INTO grade VALUES (154,88,'PA',6,88,NULL );

INSERT INTO grade VALUES (154,88,'PA',7,88,NULL );

INSERT INTO grade VALUES (154,88,'PA',8,88,NULL );

INSERT INTO grade VALUES (154,88,'PA',9,78,NULL );

INSERT INTO grade VALUES (154,88,'PA',10,78,NULL );

INSERT INTO grade VALUES (154,88,'PA',11,83,NULL );

INSERT INTO grade VALUES (154,88,'PA',12,83,NULL );

INSERT INTO grade VALUES (154,88,'PJ',1,88,NULL );

INSERT INTO grade VALUES (156,147,'FI',1,76,NULL );

INSERT INTO grade VALUES (156,147,'HM',1,91,NULL );

INSERT INTO grade VALUES (156,147,'HM',2,90,NULL );

INSERT INTO grade VALUES (156,147,'HM',3,83,NULL );

INSERT INTO grade VALUES (156,147,'HM',4,73,NULL );

INSERT INTO grade VALUES (156,147,'MT',1,91,NULL );

INSERT INTO grade VALUES (156,147,'PA',1,76,NULL );

INSERT INTO grade VALUES (156,147,'QZ',1,91,NULL );

INSERT INTO grade VALUES (156,147,'QZ',2,75,NULL );

INSERT INTO grade VALUES (156,147,'QZ',3,98,NULL );

INSERT INTO grade VALUES (156,147,'QZ',4,98,NULL );

INSERT INTO grade VALUES (157,147,'FI',1,77,NULL );

INSERT INTO grade VALUES (157,147,'HM',1,92,NULL );

INSERT INTO grade VALUES (157,147,'HM',2,91,NULL );

INSERT INTO grade VALUES (157,147,'HM',3,74,NULL );

INSERT INTO grade VALUES (157,147,'HM',4,74,NULL );

INSERT INTO grade VALUES (157,147,'MT',1,92,NULL );

INSERT INTO grade VALUES (157,147,'PA',1,77,NULL );

INSERT INTO grade VALUES (157,147,'QZ',1,92,NULL );

INSERT INTO grade VALUES (157,147,'QZ',2,76,NULL );

INSERT INTO grade VALUES (157,147,'QZ',3,99,NULL );

INSERT INTO grade VALUES (157,147,'QZ',4,99,NULL );

INSERT INTO grade VALUES (158,84,'FI',1,88,NULL );

INSERT INTO grade VALUES (158,84,'MT',1,77,NULL );

INSERT INTO grade VALUES (159,85,'FI',1,83,NULL );

INSERT INTO grade VALUES (159,85,'HM',1,92,NULL );

INSERT INTO grade VALUES (159,85,'HM',2,82,NULL );

INSERT INTO grade VALUES (159,85,'HM',3,82,NULL );

INSERT INTO grade VALUES (159,85,'HM',4,82,NULL );

INSERT INTO grade VALUES (159,85,'MT',1,76,NULL );

INSERT INTO grade VALUES (159,85,'PA',1,99,NULL );

INSERT INTO grade VALUES (159,85,'QZ',1,90,NULL );

INSERT INTO grade VALUES (159,85,'QZ',2,99,NULL );

INSERT INTO grade VALUES (160,130,'FI',1,83,NULL );

INSERT INTO grade VALUES (160,130,'HM',1,92,NULL );

INSERT INTO grade VALUES (160,130,'HM',2,82,NULL );

INSERT INTO grade VALUES (160,130,'HM',3,82,NULL );

INSERT INTO grade VALUES (160,130,'HM',4,82,NULL );

INSERT INTO grade VALUES (160,130,'MT',1,76,NULL );

INSERT INTO grade VALUES (160,130,'PA',1,99,NULL );

INSERT INTO grade VALUES (160,130,'QZ',1,90,NULL );

INSERT INTO grade VALUES (160,130,'QZ',2,99,NULL );

INSERT INTO grade VALUES (161,104,'FI',1,76,NULL );

INSERT INTO grade VALUES (161,104,'HM',1,85,NULL );

INSERT INTO grade VALUES (161,104,'HM',2,75,NULL );

INSERT INTO grade VALUES (161,104,'HM',3,75,NULL );

INSERT INTO grade VALUES (161,104,'HM',4,85,NULL );

INSERT INTO grade VALUES (161,104,'MT',1,99,NULL );

INSERT INTO grade VALUES (161,104,'PA',1,92,NULL );

INSERT INTO grade VALUES (161,104,'QZ',1,83,NULL );

INSERT INTO grade VALUES (161,104,'QZ',2,82,NULL );

INSERT INTO grade VALUES (162,133,'PA',1,92,NULL );

INSERT INTO grade VALUES (162,133,'PA',2,75,NULL );

INSERT INTO grade VALUES (162,133,'PA',3,98,NULL );

INSERT INTO grade VALUES (162,133,'PA',4,98,NULL );

INSERT INTO grade VALUES (162,133,'PA',5,81,NULL );

INSERT INTO grade VALUES (162,133,'PA',6,71,NULL );

INSERT INTO grade VALUES (162,133,'PA',7,71,NULL );

INSERT INTO grade VALUES (162,133,'PA',8,81,NULL );

INSERT INTO grade VALUES (162,133,'PA',9,91,NULL );

INSERT INTO grade VALUES (162,133,'PA',10,91,NULL );

INSERT INTO grade VALUES (162,133,'PA',11,76,NULL );

INSERT INTO grade VALUES (162,133,'PA',12,76,NULL );

INSERT INTO grade VALUES (162,133,'PJ',1,91,NULL );

INSERT INTO grade VALUES (163,92,'FI',1,91,NULL );

INSERT INTO grade VALUES (163,92,'MT',1,90,NULL );

INSERT INTO grade VALUES (164,89,'FI',1,88,NULL );

INSERT INTO grade VALUES (164,89,'MT',1,77,NULL );

INSERT INTO grade VALUES (165,156,'FI',1,85,NULL );

INSERT INTO grade VALUES (165,156,'MT',1,84,NULL );

INSERT INTO grade VALUES (166,88,'PA',1,90,NULL );

INSERT INTO grade VALUES (166,88,'PA',2,83,NULL );

INSERT INTO grade VALUES (166,88,'PA',3,86,NULL );

INSERT INTO grade VALUES (166,88,'PA',4,96,NULL );

INSERT INTO grade VALUES (166,88,'PA',5,89,NULL );

INSERT INTO grade VALUES (166,88,'PA',6,89,NULL );

INSERT INTO grade VALUES (166,88,'PA',7,89,NULL );

INSERT INTO grade VALUES (166,88,'PA',8,79,NULL );

INSERT INTO grade VALUES (166,88,'PA',9,79,NULL );

INSERT INTO grade VALUES (166,88,'PA',10,89,NULL );

INSERT INTO grade VALUES (166,88,'PA',11,84,NULL );

INSERT INTO grade VALUES (166,88,'PA',12,84,NULL );

INSERT INTO grade VALUES (166,88,'PJ',1,99,NULL );

INSERT INTO grade VALUES (167,88,'PA',1,91,NULL );

INSERT INTO grade VALUES (167,88,'PA',2,84,NULL );

INSERT INTO grade VALUES (167,88,'PA',3,97,NULL );

INSERT INTO grade VALUES (167,88,'PA',4,97,NULL );

INSERT INTO grade VALUES (167,88,'PA',5,80,NULL );

INSERT INTO grade VALUES (167,88,'PA',6,80,NULL );

INSERT INTO grade VALUES (167,88,'PA',7,70,NULL );

INSERT INTO grade VALUES (167,88,'PA',8,70,NULL );

INSERT INTO grade VALUES (167,88,'PA',9,80,NULL );

INSERT INTO grade VALUES (167,88,'PA',10,90,NULL );

INSERT INTO grade VALUES (167,88,'PA',11,85,NULL );

INSERT INTO grade VALUES (167,88,'PA',12,75,NULL );

INSERT INTO grade VALUES (167,88,'PJ',1,90,NULL );

INSERT INTO grade VALUES (168,133,'PA',1,83,NULL );

INSERT INTO grade VALUES (168,133,'PA',2,76,NULL );

INSERT INTO grade VALUES (168,133,'PA',3,99,NULL );

INSERT INTO grade VALUES (168,133,'PA',4,99,NULL );

INSERT INTO grade VALUES (168,133,'PA',5,72,NULL );

INSERT INTO grade VALUES (168,133,'PA',6,72,NULL );

INSERT INTO grade VALUES (168,133,'PA',7,82,NULL );

INSERT INTO grade VALUES (168,133,'PA',8,92,NULL );

INSERT INTO grade VALUES (168,133,'PA',9,92,NULL );

INSERT INTO grade VALUES (168,133,'PA',10,92,NULL );

INSERT INTO grade VALUES (168,133,'PA',11,77,NULL );

INSERT INTO grade VALUES (168,133,'PA',12,87,NULL );

INSERT INTO grade VALUES (168,133,'PJ',1,92,NULL );

INSERT INTO grade VALUES (169,150,'FI',1,77,NULL );

INSERT INTO grade VALUES (169,150,'MT',1,76,NULL );

INSERT INTO grade VALUES (170,156,'FI',1,76,NULL );

INSERT INTO grade VALUES (170,156,'MT',1,85,NULL );

INSERT INTO grade VALUES (171,127,'FI',1,88,NULL );

INSERT INTO grade VALUES (171,127,'HM',1,83,NULL );

INSERT INTO grade VALUES (171,127,'HM',2,82,NULL );

INSERT INTO grade VALUES (171,127,'HM',3,75,NULL );

INSERT INTO grade VALUES (171,127,'HM',4,85,NULL );

INSERT INTO grade VALUES (171,127,'MT',1,83,NULL );

INSERT INTO grade VALUES (171,127,'PA',1,88,NULL );

INSERT INTO grade VALUES (171,127,'QZ',1,83,NULL );

INSERT INTO grade VALUES (171,127,'QZ',2,87,NULL );

INSERT INTO grade VALUES (171,127,'QZ',3,90,NULL );

INSERT INTO grade VALUES (171,127,'QZ',4,80,NULL );

INSERT INTO grade VALUES (172,155,'PA',1,85,NULL );

INSERT INTO grade VALUES (172,155,'PA',2,98,NULL );

INSERT INTO grade VALUES (172,155,'PA',3,81,NULL );

INSERT INTO grade VALUES (172,155,'PA',4,81,NULL );

INSERT INTO grade VALUES (172,155,'PA',5,84,NULL );

INSERT INTO grade VALUES (172,155,'PA',6,94,NULL );

INSERT INTO grade VALUES (172,155,'PA',7,94,NULL );

INSERT INTO grade VALUES (172,155,'PA',8,94,NULL );

INSERT INTO grade VALUES (172,155,'PA',9,94,NULL );

INSERT INTO grade VALUES (172,155,'PA',10,84,NULL );

INSERT INTO grade VALUES (172,155,'PA',11,99,NULL );

INSERT INTO grade VALUES (172,155,'PA',12,99,NULL );

INSERT INTO grade VALUES (172,155,'PJ',1,84,NULL );

INSERT INTO grade VALUES (173,150,'FI',1,88,NULL );

INSERT INTO grade VALUES (173,150,'MT',1,77,NULL );

INSERT INTO grade VALUES (173,156,'FI',1,77,NULL );

INSERT INTO grade VALUES (173,156,'MT',1,76,NULL );

INSERT INTO grade VALUES (174,156,'FI',1,88,NULL );

INSERT INTO grade VALUES (174,156,'MT',1,77,NULL );

INSERT INTO grade VALUES (175,141,'FI',1,88,NULL );

INSERT INTO grade VALUES (175,141,'HM',1,77,NULL );

INSERT INTO grade VALUES (175,141,'HM',2,87,NULL );

INSERT INTO grade VALUES (175,141,'HM',3,97,NULL );

INSERT INTO grade VALUES (175,141,'HM',4,97,NULL );

INSERT INTO grade VALUES (175,141,'MT',1,91,NULL );

INSERT INTO grade VALUES (175,141,'PA',1,84,NULL );

INSERT INTO grade VALUES (175,141,'QZ',1,85,NULL );

INSERT INTO grade VALUES (175,141,'QZ',2,84,NULL );

INSERT INTO grade VALUES (176,115,'PA',1,77,NULL );

INSERT INTO grade VALUES (176,115,'PA',2,90,NULL );

INSERT INTO grade VALUES (176,115,'PA',3,83,NULL );

INSERT INTO grade VALUES (176,115,'PA',4,73,NULL );

INSERT INTO grade VALUES (176,115,'PA',5,96,NULL );

INSERT INTO grade VALUES (176,115,'PA',6,96,NULL );

INSERT INTO grade VALUES (176,115,'PA',7,96,NULL );

INSERT INTO grade VALUES (176,115,'PA',8,86,NULL );

INSERT INTO grade VALUES (176,115,'PA',9,86,NULL );

INSERT INTO grade VALUES (176,115,'PA',10,86,NULL );

INSERT INTO grade VALUES (176,115,'PA',11,91,NULL );

INSERT INTO grade VALUES (176,115,'PA',12,91,NULL );

INSERT INTO grade VALUES (176,115,'PJ',1,76,NULL );

INSERT INTO grade VALUES (176,132,'FI',1,85,NULL );

INSERT INTO grade VALUES (176,132,'HM',1,85,NULL );

INSERT INTO grade VALUES (176,132,'HM',2,99,NULL );

INSERT INTO grade VALUES (176,132,'HM',3,82,NULL );

INSERT INTO grade VALUES (176,132,'HM',4,82,NULL );

INSERT INTO grade VALUES (176,132,'HM',5,95,NULL );

INSERT INTO grade VALUES (176,132,'HM',6,95,NULL );

INSERT INTO grade VALUES (176,132,'HM',7,95,NULL );

INSERT INTO grade VALUES (176,132,'HM',8,95,NULL );

INSERT INTO grade VALUES (176,132,'HM',9,85,NULL );

INSERT INTO grade VALUES (176,132,'HM',10,85,NULL );

INSERT INTO grade VALUES (176,132,'MT',1,90,NULL );

INSERT INTO grade VALUES (178,120,'FI',1,77,NULL );

INSERT INTO grade VALUES (178,120,'HM',1,92,NULL );

INSERT INTO grade VALUES (178,120,'HM',2,91,NULL );

INSERT INTO grade VALUES (178,120,'HM',3,74,NULL );

INSERT INTO grade VALUES (178,120,'HM',4,74,NULL );

INSERT INTO grade VALUES (178,120,'MT',1,92,NULL );

INSERT INTO grade VALUES (178,120,'PA',1,77,NULL );

INSERT INTO grade VALUES (178,120,'QZ',1,92,NULL );

INSERT INTO grade VALUES (178,120,'QZ',2,76,NULL );

INSERT INTO grade VALUES (178,120,'QZ',3,99,NULL );

INSERT INTO grade VALUES (178,120,'QZ',4,99,NULL );

INSERT INTO grade VALUES (178,135,'FI',1,76,NULL );

INSERT INTO grade VALUES (178,135,'HM',1,91,NULL );

INSERT INTO grade VALUES (178,135,'HM',2,90,NULL );

INSERT INTO grade VALUES (178,135,'HM',3,83,NULL );

INSERT INTO grade VALUES (178,135,'HM',4,73,NULL );

INSERT INTO grade VALUES (178,135,'MT',1,91,NULL );

INSERT INTO grade VALUES (178,135,'PA',1,76,NULL );

INSERT INTO grade VALUES (178,135,'QZ',1,91,NULL );

INSERT INTO grade VALUES (178,135,'QZ',2,75,NULL );

INSERT INTO grade VALUES (178,135,'QZ',3,98,NULL );

INSERT INTO grade VALUES (178,135,'QZ',4,98,NULL );

INSERT INTO grade VALUES (179,116,'FI',1,90,NULL );

INSERT INTO grade VALUES (179,116,'HM',1,99,NULL );

INSERT INTO grade VALUES (179,116,'HM',2,99,NULL );

INSERT INTO grade VALUES (179,116,'HM',3,99,NULL );

INSERT INTO grade VALUES (179,116,'HM',4,99,NULL );

INSERT INTO grade VALUES (179,116,'MT',1,83,NULL );

INSERT INTO grade VALUES (179,116,'PA',1,76,NULL );

INSERT INTO grade VALUES (179,116,'QZ',1,77,NULL );

INSERT INTO grade VALUES (179,116,'QZ',2,76,NULL );

INSERT INTO grade VALUES (180,116,'FI',1,91,NULL );

INSERT INTO grade VALUES (180,116,'HM',1,90,NULL );

INSERT INTO grade VALUES (180,116,'HM',2,90,NULL );

INSERT INTO grade VALUES (180,116,'HM',3,90,NULL );

INSERT INTO grade VALUES (180,116,'HM',4,80,NULL );

INSERT INTO grade VALUES (180,116,'MT',1,84,NULL );

INSERT INTO grade VALUES (180,116,'PA',1,77,NULL );

INSERT INTO grade VALUES (180,116,'QZ',1,88,NULL );

INSERT INTO grade VALUES (180,116,'QZ',2,87,NULL );

INSERT INTO grade VALUES (180,119,'FI',1,83,NULL );

INSERT INTO grade VALUES (180,119,'HM',1,92,NULL );

INSERT INTO grade VALUES (180,119,'HM',2,82,NULL );

INSERT INTO grade VALUES (180,119,'HM',3,82,NULL );

INSERT INTO grade VALUES (180,119,'HM',4,82,NULL );

INSERT INTO grade VALUES (180,119,'MT',1,76,NULL );

INSERT INTO grade VALUES (180,119,'PA',1,99,NULL );

INSERT INTO grade VALUES (180,119,'QZ',1,90,NULL );

INSERT INTO grade VALUES (180,119,'QZ',2,99,NULL );

INSERT INTO grade VALUES (181,117,'FI',1,90,NULL );

INSERT INTO grade VALUES (181,117,'HM',1,85,NULL );

INSERT INTO grade VALUES (181,117,'HM',2,84,NULL );

INSERT INTO grade VALUES (181,117,'HM',3,97,NULL );

INSERT INTO grade VALUES (181,117,'HM',4,97,NULL );

INSERT INTO grade VALUES (181,117,'MT',1,85,NULL );

INSERT INTO grade VALUES (181,117,'PA',1,90,NULL );

INSERT INTO grade VALUES (181,117,'QZ',1,85,NULL );

INSERT INTO grade VALUES (181,117,'QZ',2,99,NULL );

INSERT INTO grade VALUES (181,117,'QZ',3,82,NULL );

INSERT INTO grade VALUES (181,117,'QZ',4,82,NULL );

INSERT INTO grade VALUES (182,117,'FI',1,91,NULL );

INSERT INTO grade VALUES (182,117,'HM',1,76,NULL );

INSERT INTO grade VALUES (182,117,'HM',2,75,NULL );

INSERT INTO grade VALUES (182,117,'HM',3,98,NULL );

INSERT INTO grade VALUES (182,117,'HM',4,98,NULL );

INSERT INTO grade VALUES (182,117,'MT',1,76,NULL );

INSERT INTO grade VALUES (182,117,'PA',1,91,NULL );

INSERT INTO grade VALUES (182,117,'QZ',1,76,NULL );

INSERT INTO grade VALUES (182,117,'QZ',2,90,NULL );

INSERT INTO grade VALUES (182,117,'QZ',3,83,NULL );

INSERT INTO grade VALUES (182,117,'QZ',4,73,NULL );

INSERT INTO grade VALUES (184,116,'FI',1,92,NULL );

INSERT INTO grade VALUES (184,116,'HM',1,91,NULL );

INSERT INTO grade VALUES (184,116,'HM',2,91,NULL );

INSERT INTO grade VALUES (184,116,'HM',3,81,NULL );

INSERT INTO grade VALUES (184,116,'HM',4,81,NULL );

INSERT INTO grade VALUES (184,116,'MT',1,85,NULL );

INSERT INTO grade VALUES (184,116,'PA',1,88,NULL );

INSERT INTO grade VALUES (184,116,'QZ',1,99,NULL );

INSERT INTO grade VALUES (184,116,'QZ',2,98,NULL );

INSERT INTO grade VALUES (184,138,'FI',1,99,NULL );

INSERT INTO grade VALUES (184,138,'HM',1,88,NULL );

INSERT INTO grade VALUES (184,138,'HM',2,98,NULL );

INSERT INTO grade VALUES (184,138,'HM',3,98,NULL );

INSERT INTO grade VALUES (184,138,'HM',4,98,NULL );

INSERT INTO grade VALUES (184,138,'MT',1,92,NULL );

INSERT INTO grade VALUES (184,138,'PA',1,85,NULL );

INSERT INTO grade VALUES (184,138,'QZ',1,76,NULL );

INSERT INTO grade VALUES (184,138,'QZ',2,75,NULL );

INSERT INTO grade VALUES (184,146,'FI',1,85,NULL );

INSERT INTO grade VALUES (184,146,'HM',1,84,NULL );

INSERT INTO grade VALUES (184,146,'HM',2,84,NULL );

INSERT INTO grade VALUES (184,146,'HM',3,74,NULL );

INSERT INTO grade VALUES (184,146,'HM',4,74,NULL );

INSERT INTO grade VALUES (184,146,'MT',1,88,NULL );

INSERT INTO grade VALUES (184,146,'PA',1,91,NULL );

INSERT INTO grade VALUES (184,146,'QZ',1,92,NULL );

INSERT INTO grade VALUES (184,146,'QZ',2,91,NULL );

INSERT INTO grade VALUES (185,116,'FI',1,83,NULL );

INSERT INTO grade VALUES (185,116,'HM',1,92,NULL );

INSERT INTO grade VALUES (185,116,'HM',2,82,NULL );

INSERT INTO grade VALUES (185,116,'HM',3,82,NULL );

INSERT INTO grade VALUES (185,116,'HM',4,82,NULL );

INSERT INTO grade VALUES (185,116,'MT',1,76,NULL );

INSERT INTO grade VALUES (185,116,'PA',1,99,NULL );

INSERT INTO grade VALUES (185,116,'QZ',1,90,NULL );

INSERT INTO grade VALUES (185,116,'QZ',2,99,NULL );

INSERT INTO grade VALUES (186,107,'FI',1,90,NULL );

INSERT INTO grade VALUES (186,107,'HM',1,99,NULL );

INSERT INTO grade VALUES (186,107,'HM',2,99,NULL );

INSERT INTO grade VALUES (186,107,'HM',3,99,NULL );

INSERT INTO grade VALUES (186,107,'HM',4,99,NULL );

INSERT INTO grade VALUES (186,107,'MT',1,83,NULL );

INSERT INTO grade VALUES (186,107,'PA',1,76,NULL );

INSERT INTO grade VALUES (186,107,'QZ',1,77,NULL );

INSERT INTO grade VALUES (186,107,'QZ',2,76,NULL );

INSERT INTO grade VALUES (187,120,'FI',1,88,NULL );

INSERT INTO grade VALUES (187,120,'HM',1,83,NULL );

INSERT INTO grade VALUES (187,120,'HM',2,82,NULL );

INSERT INTO grade VALUES (187,120,'HM',3,75,NULL );

INSERT INTO grade VALUES (187,120,'HM',4,85,NULL );

INSERT INTO grade VALUES (187,120,'MT',1,83,NULL );

INSERT INTO grade VALUES (187,120,'PA',1,88,NULL );

INSERT INTO grade VALUES (187,120,'QZ',1,83,NULL );

INSERT INTO grade VALUES (187,120,'QZ',2,87,NULL );

INSERT INTO grade VALUES (187,120,'QZ',3,90,NULL );

INSERT INTO grade VALUES (187,120,'QZ',4,80,NULL );

INSERT INTO grade VALUES (188,117,'FI',1,92,NULL );

INSERT INTO grade VALUES (188,117,'HM',1,77,NULL );

INSERT INTO grade VALUES (188,117,'HM',2,76,NULL );

INSERT INTO grade VALUES (188,117,'HM',3,99,NULL );

INSERT INTO grade VALUES (188,117,'HM',4,99,NULL );

INSERT INTO grade VALUES (188,117,'MT',1,77,NULL );

INSERT INTO grade VALUES (188,117,'PA',1,92,NULL );

INSERT INTO grade VALUES (188,117,'QZ',1,77,NULL );

INSERT INTO grade VALUES (188,117,'QZ',2,91,NULL );

INSERT INTO grade VALUES (188,117,'QZ',3,74,NULL );

INSERT INTO grade VALUES (188,117,'QZ',4,74,NULL );

INSERT INTO grade VALUES (189,116,'FI',1,84,NULL );

INSERT INTO grade VALUES (189,116,'HM',1,83,NULL );

INSERT INTO grade VALUES (189,116,'HM',2,83,NULL );

INSERT INTO grade VALUES (189,116,'HM',3,83,NULL );

INSERT INTO grade VALUES (189,116,'HM',4,73,NULL );

INSERT INTO grade VALUES (189,116,'MT',1,77,NULL );

INSERT INTO grade VALUES (189,116,'PA',1,90,NULL );

INSERT INTO grade VALUES (189,116,'QZ',1,91,NULL );

INSERT INTO grade VALUES (189,116,'QZ',2,90,NULL );

INSERT INTO grade VALUES (189,137,'PA',1,99,NULL );

INSERT INTO grade VALUES (189,137,'PA',2,82,NULL );

INSERT INTO grade VALUES (189,137,'PA',3,75,NULL );

INSERT INTO grade VALUES (189,137,'PA',4,85,NULL );

INSERT INTO grade VALUES (189,137,'PA',5,98,NULL );

INSERT INTO grade VALUES (189,137,'PA',6,88,NULL );

INSERT INTO grade VALUES (189,137,'PA',7,88,NULL );

INSERT INTO grade VALUES (189,137,'PA',8,88,NULL );

INSERT INTO grade VALUES (189,137,'PA',9,78,NULL );

INSERT INTO grade VALUES (189,137,'PA',10,78,NULL );

INSERT INTO grade VALUES (189,137,'PA',11,83,NULL );

INSERT INTO grade VALUES (189,137,'PA',12,83,NULL );

INSERT INTO grade VALUES (189,137,'PJ',1,88,NULL );

INSERT INTO grade VALUES (190,117,'FI',1,83,NULL );

INSERT INTO grade VALUES (190,117,'HM',1,88,NULL );

INSERT INTO grade VALUES (190,117,'HM',2,87,NULL );

INSERT INTO grade VALUES (190,117,'HM',3,90,NULL );

INSERT INTO grade VALUES (190,117,'HM',4,80,NULL );

INSERT INTO grade VALUES (190,117,'MT',1,88,NULL );

INSERT INTO grade VALUES (190,117,'PA',1,83,NULL );

INSERT INTO grade VALUES (190,117,'QZ',1,88,NULL );

INSERT INTO grade VALUES (190,117,'QZ',2,82,NULL );

INSERT INTO grade VALUES (190,117,'QZ',3,75,NULL );

INSERT INTO grade VALUES (190,117,'QZ',4,85,NULL );

INSERT INTO grade VALUES (191,117,'FI',1,84,NULL );

INSERT INTO grade VALUES (191,117,'HM',1,99,NULL );

INSERT INTO grade VALUES (191,117,'HM',2,98,NULL );

INSERT INTO grade VALUES (191,117,'HM',3,81,NULL );

INSERT INTO grade VALUES (191,117,'HM',4,81,NULL );

INSERT INTO grade VALUES (191,117,'MT',1,99,NULL );

INSERT INTO grade VALUES (191,117,'PA',1,84,NULL );

INSERT INTO grade VALUES (191,117,'QZ',1,99,NULL );

INSERT INTO grade VALUES (191,117,'QZ',2,83,NULL );

INSERT INTO grade VALUES (191,117,'QZ',3,86,NULL );

INSERT INTO grade VALUES (191,117,'QZ',4,96,NULL );

INSERT INTO grade VALUES (192,117,'FI',1,85,NULL );

INSERT INTO grade VALUES (192,117,'HM',1,90,NULL );

INSERT INTO grade VALUES (192,117,'HM',2,99,NULL );

INSERT INTO grade VALUES (192,117,'HM',3,82,NULL );

INSERT INTO grade VALUES (192,117,'HM',4,82,NULL );

INSERT INTO grade VALUES (192,117,'MT',1,90,NULL );

INSERT INTO grade VALUES (192,117,'PA',1,85,NULL );

INSERT INTO grade VALUES (192,117,'QZ',1,90,NULL );

INSERT INTO grade VALUES (192,117,'QZ',2,84,NULL );

INSERT INTO grade VALUES (192,117,'QZ',3,97,NULL );

INSERT INTO grade VALUES (192,117,'QZ',4,97,NULL );

INSERT INTO grade VALUES (193,119,'FI',1,84,NULL );

INSERT INTO grade VALUES (193,119,'HM',1,83,NULL );

INSERT INTO grade VALUES (193,119,'HM',2,83,NULL );

INSERT INTO grade VALUES (193,119,'HM',3,83,NULL );

INSERT INTO grade VALUES (193,119,'HM',4,73,NULL );

INSERT INTO grade VALUES (193,119,'MT',1,77,NULL );

INSERT INTO grade VALUES (193,119,'PA',1,90,NULL );

INSERT INTO grade VALUES (193,119,'QZ',1,91,NULL );

INSERT INTO grade VALUES (193,119,'QZ',2,90,NULL );

INSERT INTO grade VALUES (194,116,'FI',1,85,NULL );

INSERT INTO grade VALUES (194,116,'HM',1,84,NULL );

INSERT INTO grade VALUES (194,116,'HM',2,84,NULL );

INSERT INTO grade VALUES (194,116,'HM',3,74,NULL );

INSERT INTO grade VALUES (194,116,'HM',4,74,NULL );

INSERT INTO grade VALUES (194,116,'MT',1,88,NULL );

INSERT INTO grade VALUES (194,116,'PA',1,91,NULL );

INSERT INTO grade VALUES (194,116,'QZ',1,92,NULL );

INSERT INTO grade VALUES (194,116,'QZ',2,91,NULL );

INSERT INTO grade VALUES (195,141,'FI',1,99,NULL );

INSERT INTO grade VALUES (195,141,'HM',1,88,NULL );

INSERT INTO grade VALUES (195,141,'HM',2,98,NULL );

INSERT INTO grade VALUES (195,141,'HM',3,98,NULL );

INSERT INTO grade VALUES (195,141,'HM',4,98,NULL );

INSERT INTO grade VALUES (195,141,'MT',1,92,NULL );

INSERT INTO grade VALUES (195,141,'PA',1,85,NULL );

INSERT INTO grade VALUES (195,141,'QZ',1,76,NULL );

INSERT INTO grade VALUES (195,141,'QZ',2,75,NULL );

INSERT INTO grade VALUES (196,108,'FI',1,84,NULL );

INSERT INTO grade VALUES (196,108,'HM',1,83,NULL );

INSERT INTO grade VALUES (196,108,'HM',2,83,NULL );

INSERT INTO grade VALUES (196,108,'HM',3,83,NULL );

INSERT INTO grade VALUES (196,108,'HM',4,73,NULL );

INSERT INTO grade VALUES (196,108,'MT',1,77,NULL );

INSERT INTO grade VALUES (196,108,'PA',1,90,NULL );

INSERT INTO grade VALUES (196,108,'QZ',1,91,NULL );

INSERT INTO grade VALUES (196,108,'QZ',2,90,NULL );

INSERT INTO grade VALUES (197,109,'FI',1,85,NULL );

INSERT INTO grade VALUES (197,109,'HM',1,84,NULL );

INSERT INTO grade VALUES (197,109,'HM',2,84,NULL );

INSERT INTO grade VALUES (197,109,'HM',3,74,NULL );

INSERT INTO grade VALUES (197,109,'HM',4,74,NULL );

INSERT INTO grade VALUES (197,109,'MT',1,88,NULL );

INSERT INTO grade VALUES (197,109,'PA',1,91,NULL );

INSERT INTO grade VALUES (197,109,'QZ',1,92,NULL );

INSERT INTO grade VALUES (197,109,'QZ',2,91,NULL );

INSERT INTO grade VALUES (198,108,'FI',1,85,NULL );

INSERT INTO grade VALUES (198,108,'HM',1,84,NULL );

INSERT INTO grade VALUES (198,108,'HM',2,84,NULL );

INSERT INTO grade VALUES (198,108,'HM',3,74,NULL );

INSERT INTO grade VALUES (198,108,'HM',4,74,NULL );

INSERT INTO grade VALUES (198,108,'MT',1,88,NULL );

INSERT INTO grade VALUES (198,108,'PA',1,91,NULL );

INSERT INTO grade VALUES (198,108,'QZ',1,92,NULL );

INSERT INTO grade VALUES (198,108,'QZ',2,91,NULL );

INSERT INTO grade VALUES (199,84,'FI',1,99,NULL );

INSERT INTO grade VALUES (199,84,'MT',1,88,NULL );

INSERT INTO grade VALUES (199,142,'FI',1,76,NULL );

INSERT INTO grade VALUES (199,142,'HM',1,91,NULL );

INSERT INTO grade VALUES (199,142,'HM',2,90,NULL );

INSERT INTO grade VALUES (199,142,'HM',3,83,NULL );

INSERT INTO grade VALUES (199,142,'HM',4,73,NULL );

INSERT INTO grade VALUES (199,142,'MT',1,91,NULL );

INSERT INTO grade VALUES (199,142,'PA',1,76,NULL );

INSERT INTO grade VALUES (199,142,'QZ',1,91,NULL );

INSERT INTO grade VALUES (199,142,'QZ',2,75,NULL );

INSERT INTO grade VALUES (199,142,'QZ',3,98,NULL );

INSERT INTO grade VALUES (199,142,'QZ',4,98,NULL );

INSERT INTO grade VALUES (200,106,'FI',1,92,NULL );

INSERT INTO grade VALUES (200,106,'HM',1,77,NULL );

INSERT INTO grade VALUES (200,106,'HM',2,76,NULL );

INSERT INTO grade VALUES (200,106,'HM',3,99,NULL );

INSERT INTO grade VALUES (200,106,'HM',4,99,NULL );

INSERT INTO grade VALUES (200,106,'MT',1,77,NULL );

INSERT INTO grade VALUES (200,106,'PA',1,92,NULL );

INSERT INTO grade VALUES (200,106,'QZ',1,77,NULL );

INSERT INTO grade VALUES (200,106,'QZ',2,91,NULL );

INSERT INTO grade VALUES (200,106,'QZ',3,74,NULL );

INSERT INTO grade VALUES (200,106,'QZ',4,74,NULL );

INSERT INTO grade VALUES (200,144,'PA',1,84,NULL );

INSERT INTO grade VALUES (200,144,'PA',2,87,NULL );

INSERT INTO grade VALUES (200,144,'PA',3,90,NULL );

INSERT INTO grade VALUES (200,144,'PA',4,80,NULL );

INSERT INTO grade VALUES (200,144,'PA',5,73,NULL );

INSERT INTO grade VALUES (200,144,'PA',6,83,NULL );

INSERT INTO grade VALUES (200,144,'PA',7,93,NULL );

INSERT INTO grade VALUES (200,144,'PA',8,93,NULL );

INSERT INTO grade VALUES (200,144,'PA',9,93,NULL );

INSERT INTO grade VALUES (200,144,'PA',10,93,NULL );

INSERT INTO grade VALUES (200,144,'PA',11,88,NULL );

INSERT INTO grade VALUES (200,144,'PA',12,98,NULL );

INSERT INTO grade VALUES (200,144,'PJ',1,83,NULL );

INSERT INTO grade VALUES (201,143,'FI',1,83,NULL );

INSERT INTO grade VALUES (201,143,'HM',1,83,NULL );

INSERT INTO grade VALUES (201,143,'HM',2,87,NULL );

INSERT INTO grade VALUES (201,143,'HM',3,90,NULL );

INSERT INTO grade VALUES (201,143,'HM',4,80,NULL );

INSERT INTO grade VALUES (201,143,'HM',5,73,NULL );

INSERT INTO grade VALUES (201,143,'HM',6,83,NULL );

INSERT INTO grade VALUES (201,143,'HM',7,93,NULL );

INSERT INTO grade VALUES (201,143,'HM',8,93,NULL );

INSERT INTO grade VALUES (201,143,'HM',9,93,NULL );

INSERT INTO grade VALUES (201,143,'HM',10,93,NULL );

INSERT INTO grade VALUES (201,143,'MT',1,88,NULL );

INSERT INTO grade VALUES (202,105,'FI',1,99,NULL );

INSERT INTO grade VALUES (202,105,'HM',1,88,NULL );

INSERT INTO grade VALUES (202,105,'HM',2,98,NULL );

INSERT INTO grade VALUES (202,105,'HM',3,98,NULL );

INSERT INTO grade VALUES (202,105,'HM',4,98,NULL );

INSERT INTO grade VALUES (202,105,'MT',1,92,NULL );

INSERT INTO grade VALUES (202,105,'PA',1,85,NULL );

INSERT INTO grade VALUES (202,105,'QZ',1,76,NULL );

INSERT INTO grade VALUES (202,105,'QZ',2,75,NULL );

INSERT INTO grade VALUES (203,132,'FI',1,76,NULL );

INSERT INTO grade VALUES (203,132,'HM',1,76,NULL );

INSERT INTO grade VALUES (203,132,'HM',2,90,NULL );

INSERT INTO grade VALUES (203,132,'HM',3,83,NULL );

INSERT INTO grade VALUES (203,132,'HM',4,73,NULL );

INSERT INTO grade VALUES (203,132,'HM',5,96,NULL );

INSERT INTO grade VALUES (203,132,'HM',6,96,NULL );

INSERT INTO grade VALUES (203,132,'HM',7,96,NULL );

INSERT INTO grade VALUES (203,132,'HM',8,86,NULL );

INSERT INTO grade VALUES (203,132,'HM',9,86,NULL );

INSERT INTO grade VALUES (203,132,'HM',10,86,NULL );

INSERT INTO grade VALUES (203,132,'MT',1,91,NULL );

INSERT INTO grade VALUES (204,88,'PA',1,92,NULL );

INSERT INTO grade VALUES (204,88,'PA',2,75,NULL );

INSERT INTO grade VALUES (204,88,'PA',3,98,NULL );

INSERT INTO grade VALUES (204,88,'PA',4,98,NULL );

INSERT INTO grade VALUES (204,88,'PA',5,81,NULL );

INSERT INTO grade VALUES (204,88,'PA',6,71,NULL );

INSERT INTO grade VALUES (204,88,'PA',7,71,NULL );

INSERT INTO grade VALUES (204,88,'PA',8,81,NULL );

INSERT INTO grade VALUES (204,88,'PA',9,91,NULL );

INSERT INTO grade VALUES (204,88,'PA',10,91,NULL );

INSERT INTO grade VALUES (204,88,'PA',11,76,NULL );

INSERT INTO grade VALUES (204,88,'PA',12,76,NULL );

INSERT INTO grade VALUES (204,88,'PJ',1,91,NULL );

INSERT INTO grade VALUES (205,88,'PA',1,83,NULL );

INSERT INTO grade VALUES (205,88,'PA',2,76,NULL );

INSERT INTO grade VALUES (205,88,'PA',3,99,NULL );

INSERT INTO grade VALUES (205,88,'PA',4,99,NULL );

INSERT INTO grade VALUES (205,88,'PA',5,72,NULL );

INSERT INTO grade VALUES (205,88,'PA',6,72,NULL );

INSERT INTO grade VALUES (205,88,'PA',7,82,NULL );

INSERT INTO grade VALUES (205,88,'PA',8,92,NULL );

INSERT INTO grade VALUES (205,88,'PA',9,92,NULL );

INSERT INTO grade VALUES (205,88,'PA',10,92,NULL );

INSERT INTO grade VALUES (205,88,'PA',11,77,NULL );

INSERT INTO grade VALUES (205,88,'PA',12,87,NULL );

INSERT INTO grade VALUES (205,88,'PJ',1,92,NULL );

INSERT INTO grade VALUES (206,152,'FI',1,90,NULL );

INSERT INTO grade VALUES (206,152,'HM',1,99,NULL );

INSERT INTO grade VALUES (206,152,'HM',2,99,NULL );

INSERT INTO grade VALUES (206,152,'HM',3,99,NULL );

INSERT INTO grade VALUES (206,152,'HM',4,99,NULL );

INSERT INTO grade VALUES (206,152,'MT',1,83,NULL );

INSERT INTO grade VALUES (206,152,'PA',1,76,NULL );

INSERT INTO grade VALUES (206,152,'QZ',1,77,NULL );

INSERT INTO grade VALUES (206,152,'QZ',2,76,NULL );

INSERT INTO grade VALUES (207,152,'FI',1,91,NULL );

INSERT INTO grade VALUES (207,152,'HM',1,90,NULL );

INSERT INTO grade VALUES (207,152,'HM',2,90,NULL );

INSERT INTO grade VALUES (207,152,'HM',3,90,NULL );

INSERT INTO grade VALUES (207,152,'HM',4,80,NULL );

INSERT INTO grade VALUES (207,152,'MT',1,84,NULL );

INSERT INTO grade VALUES (207,152,'PA',1,77,NULL );

INSERT INTO grade VALUES (207,152,'QZ',1,88,NULL );

INSERT INTO grade VALUES (207,152,'QZ',2,87,NULL );

INSERT INTO grade VALUES (208,147,'FI',1,88,NULL );

INSERT INTO grade VALUES (208,147,'HM',1,83,NULL );

INSERT INTO grade VALUES (208,147,'HM',2,82,NULL );

INSERT INTO grade VALUES (208,147,'HM',3,75,NULL );

INSERT INTO grade VALUES (208,147,'HM',4,85,NULL );

INSERT INTO grade VALUES (208,147,'MT',1,83,NULL );

INSERT INTO grade VALUES (208,147,'PA',1,88,NULL );

INSERT INTO grade VALUES (208,147,'QZ',1,83,NULL );

INSERT INTO grade VALUES (208,147,'QZ',2,87,NULL );

INSERT INTO grade VALUES (208,147,'QZ',3,90,NULL );

INSERT INTO grade VALUES (208,147,'QZ',4,80,NULL );

INSERT INTO grade VALUES (209,147,'FI',1,99,NULL );

INSERT INTO grade VALUES (209,147,'HM',1,84,NULL );

INSERT INTO grade VALUES (209,147,'HM',2,83,NULL );

INSERT INTO grade VALUES (209,147,'HM',3,86,NULL );

INSERT INTO grade VALUES (209,147,'HM',4,96,NULL );

INSERT INTO grade VALUES (209,147,'MT',1,84,NULL );

INSERT INTO grade VALUES (209,147,'PA',1,99,NULL );

INSERT INTO grade VALUES (209,147,'QZ',1,84,NULL );

INSERT INTO grade VALUES (209,147,'QZ',2,98,NULL );

INSERT INTO grade VALUES (209,147,'QZ',3,81,NULL );

INSERT INTO grade VALUES (209,147,'QZ',4,81,NULL );

INSERT INTO grade VALUES (210,147,'FI',1,90,NULL );

INSERT INTO grade VALUES (210,147,'HM',1,85,NULL );

INSERT INTO grade VALUES (210,147,'HM',2,84,NULL );

INSERT INTO grade VALUES (210,147,'HM',3,97,NULL );

INSERT INTO grade VALUES (210,147,'HM',4,97,NULL );

INSERT INTO grade VALUES (210,147,'MT',1,85,NULL );

INSERT INTO grade VALUES (210,147,'PA',1,90,NULL );

INSERT INTO grade VALUES (210,147,'QZ',1,85,NULL );

INSERT INTO grade VALUES (210,147,'QZ',2,99,NULL );

INSERT INTO grade VALUES (210,147,'QZ',3,82,NULL );

INSERT INTO grade VALUES (210,147,'QZ',4,82,NULL );

INSERT INTO grade VALUES (211,86,'FI',1,77,NULL );

INSERT INTO grade VALUES (211,86,'HM',1,92,NULL );

INSERT INTO grade VALUES (211,86,'HM',2,91,NULL );

INSERT INTO grade VALUES (211,86,'HM',3,74,NULL );

INSERT INTO grade VALUES (211,86,'HM',4,74,NULL );

INSERT INTO grade VALUES (211,86,'MT',1,92,NULL );

INSERT INTO grade VALUES (211,86,'PA',1,77,NULL );

INSERT INTO grade VALUES (211,86,'QZ',1,92,NULL );

INSERT INTO grade VALUES (211,86,'QZ',2,76,NULL );

INSERT INTO grade VALUES (211,86,'QZ',3,99,NULL );

INSERT INTO grade VALUES (211,86,'QZ',4,99,NULL );

INSERT INTO grade VALUES (211,141,'FI',1,90,NULL );

INSERT INTO grade VALUES (211,141,'HM',1,99,NULL );

INSERT INTO grade VALUES (211,141,'HM',2,99,NULL );

INSERT INTO grade VALUES (211,141,'HM',3,99,NULL );

INSERT INTO grade VALUES (211,141,'HM',4,99,NULL );

INSERT INTO grade VALUES (211,141,'MT',1,83,NULL );

INSERT INTO grade VALUES (211,141,'PA',1,76,NULL );

INSERT INTO grade VALUES (211,141,'QZ',1,77,NULL );

INSERT INTO grade VALUES (211,141,'QZ',2,76,NULL );

INSERT INTO grade VALUES (212,86,'FI',1,88,NULL );

INSERT INTO grade VALUES (212,86,'HM',1,83,NULL );

INSERT INTO grade VALUES (212,86,'HM',2,82,NULL );

INSERT INTO grade VALUES (212,86,'HM',3,75,NULL );

INSERT INTO grade VALUES (212,86,'HM',4,85,NULL );

INSERT INTO grade VALUES (212,86,'MT',1,83,NULL );

INSERT INTO grade VALUES (212,86,'PA',1,88,NULL );

INSERT INTO grade VALUES (212,86,'QZ',1,83,NULL );

INSERT INTO grade VALUES (212,86,'QZ',2,87,NULL );

INSERT INTO grade VALUES (212,86,'QZ',3,90,NULL );

INSERT INTO grade VALUES (212,86,'QZ',4,80,NULL );

INSERT INTO grade VALUES (214,123,'FI',1,92,NULL );

INSERT INTO grade VALUES (214,123,'HM',1,91,NULL );

INSERT INTO grade VALUES (214,123,'HM',2,91,NULL );

INSERT INTO grade VALUES (214,123,'HM',3,81,NULL );

INSERT INTO grade VALUES (214,123,'HM',4,81,NULL );

INSERT INTO grade VALUES (214,123,'MT',1,85,NULL );

INSERT INTO grade VALUES (214,123,'PA',1,88,NULL );

INSERT INTO grade VALUES (214,123,'QZ',1,99,NULL );

INSERT INTO grade VALUES (214,123,'QZ',2,98,NULL );

INSERT INTO grade VALUES (214,135,'FI',1,77,NULL );

INSERT INTO grade VALUES (214,135,'HM',1,92,NULL );

INSERT INTO grade VALUES (214,135,'HM',2,91,NULL );

INSERT INTO grade VALUES (214,135,'HM',3,74,NULL );

INSERT INTO grade VALUES (214,135,'HM',4,74,NULL );

INSERT INTO grade VALUES (214,135,'MT',1,92,NULL );

INSERT INTO grade VALUES (214,135,'PA',1,77,NULL );

INSERT INTO grade VALUES (214,135,'QZ',1,92,NULL );

INSERT INTO grade VALUES (214,135,'QZ',2,76,NULL );

INSERT INTO grade VALUES (214,135,'QZ',3,99,NULL );

INSERT INTO grade VALUES (214,135,'QZ',4,99,NULL );

INSERT INTO grade VALUES (214,146,'FI',1,76,NULL );

INSERT INTO grade VALUES (214,146,'HM',1,85,NULL );

INSERT INTO grade VALUES (214,146,'HM',2,75,NULL );

INSERT INTO grade VALUES (214,146,'HM',3,75,NULL );

INSERT INTO grade VALUES (214,146,'HM',4,85,NULL );

INSERT INTO grade VALUES (214,146,'MT',1,99,NULL );

INSERT INTO grade VALUES (214,146,'PA',1,92,NULL );

INSERT INTO grade VALUES (214,146,'QZ',1,83,NULL );

INSERT INTO grade VALUES (214,146,'QZ',2,82,NULL );

INSERT INTO grade VALUES (214,156,'FI',1,99,NULL );

INSERT INTO grade VALUES (214,156,'MT',1,88,NULL );

INSERT INTO grade VALUES (215,135,'FI',1,88,NULL );

INSERT INTO grade VALUES (215,135,'HM',1,83,NULL );

INSERT INTO grade VALUES (215,135,'HM',2,82,NULL );

INSERT INTO grade VALUES (215,135,'HM',3,75,NULL );

INSERT INTO grade VALUES (215,135,'HM',4,85,NULL );

INSERT INTO grade VALUES (215,135,'MT',1,83,NULL );

INSERT INTO grade VALUES (215,135,'PA',1,88,NULL );

INSERT INTO grade VALUES (215,135,'QZ',1,83,NULL );

INSERT INTO grade VALUES (215,135,'QZ',2,87,NULL );

INSERT INTO grade VALUES (215,135,'QZ',3,90,NULL );

INSERT INTO grade VALUES (215,135,'QZ',4,80,NULL );

INSERT INTO grade VALUES (215,146,'FI',1,77,NULL );

INSERT INTO grade VALUES (215,146,'HM',1,76,NULL );

INSERT INTO grade VALUES (215,146,'HM',2,76,NULL );

INSERT INTO grade VALUES (215,146,'HM',3,86,NULL );

INSERT INTO grade VALUES (215,146,'HM',4,96,NULL );

INSERT INTO grade VALUES (215,146,'MT',1,90,NULL );

INSERT INTO grade VALUES (215,146,'PA',1,83,NULL );

INSERT INTO grade VALUES (215,146,'QZ',1,84,NULL );

INSERT INTO grade VALUES (215,146,'QZ',2,83,NULL );

INSERT INTO grade VALUES (215,156,'FI',1,90,NULL );

INSERT INTO grade VALUES (215,156,'MT',1,99,NULL );

INSERT INTO grade VALUES (216,154,'FI',1,77,NULL );

INSERT INTO grade VALUES (216,154,'HM',1,77,NULL );

INSERT INTO grade VALUES (216,154,'HM',2,91,NULL );

INSERT INTO grade VALUES (216,154,'HM',3,74,NULL );

INSERT INTO grade VALUES (216,154,'HM',4,74,NULL );

INSERT INTO grade VALUES (216,154,'HM',5,97,NULL );

INSERT INTO grade VALUES (216,154,'HM',6,97,NULL );

INSERT INTO grade VALUES (216,154,'HM',7,87,NULL );

INSERT INTO grade VALUES (216,154,'HM',8,87,NULL );

INSERT INTO grade VALUES (216,154,'HM',9,87,NULL );

INSERT INTO grade VALUES (216,154,'HM',10,77,NULL );

INSERT INTO grade VALUES (216,154,'MT',1,92,NULL );

INSERT INTO grade VALUES (217,86,'FI',1,99,NULL );

INSERT INTO grade VALUES (217,86,'HM',1,84,NULL );

INSERT INTO grade VALUES (217,86,'HM',2,83,NULL );

INSERT INTO grade VALUES (217,86,'HM',3,86,NULL );

INSERT INTO grade VALUES (217,86,'HM',4,96,NULL );

INSERT INTO grade VALUES (217,86,'MT',1,84,NULL );

INSERT INTO grade VALUES (217,86,'PA',1,99,NULL );

INSERT INTO grade VALUES (217,86,'QZ',1,84,NULL );

INSERT INTO grade VALUES (217,86,'QZ',2,98,NULL );

INSERT INTO grade VALUES (217,86,'QZ',3,81,NULL );

INSERT INTO grade VALUES (217,86,'QZ',4,81,NULL );

INSERT INTO grade VALUES (218,90,'FI',1,92,NULL );

INSERT INTO grade VALUES (218,90,'MT',1,91,NULL );

INSERT INTO grade VALUES (220,119,'FI',1,85,NULL );

INSERT INTO grade VALUES (220,119,'HM',1,84,NULL );

INSERT INTO grade VALUES (220,119,'HM',2,84,NULL );

INSERT INTO grade VALUES (220,119,'HM',3,74,NULL );

INSERT INTO grade VALUES (220,119,'HM',4,74,NULL );

INSERT INTO grade VALUES (220,119,'MT',1,88,NULL );

INSERT INTO grade VALUES (220,119,'PA',1,91,NULL );

INSERT INTO grade VALUES (220,119,'QZ',1,92,NULL );

INSERT INTO grade VALUES (220,119,'QZ',2,91,NULL );

INSERT INTO grade VALUES (221,104,'FI',1,77,NULL );

INSERT INTO grade VALUES (221,104,'HM',1,76,NULL );

INSERT INTO grade VALUES (221,104,'HM',2,76,NULL );

INSERT INTO grade VALUES (221,104,'HM',3,86,NULL );

INSERT INTO grade VALUES (221,104,'HM',4,96,NULL );

INSERT INTO grade VALUES (221,104,'MT',1,90,NULL );

INSERT INTO grade VALUES (221,104,'PA',1,83,NULL );

INSERT INTO grade VALUES (221,104,'QZ',1,84,NULL );

INSERT INTO grade VALUES (221,104,'QZ',2,83,NULL );

INSERT INTO grade VALUES (223,104,'FI',1,88,NULL );

INSERT INTO grade VALUES (223,104,'HM',1,77,NULL );

INSERT INTO grade VALUES (223,104,'HM',2,87,NULL );

INSERT INTO grade VALUES (223,104,'HM',3,97,NULL );

INSERT INTO grade VALUES (223,104,'HM',4,97,NULL );

INSERT INTO grade VALUES (223,104,'MT',1,91,NULL );

INSERT INTO grade VALUES (223,104,'PA',1,84,NULL );

INSERT INTO grade VALUES (223,104,'QZ',1,85,NULL );

INSERT INTO grade VALUES (223,104,'QZ',2,84,NULL );

INSERT INTO grade VALUES (223,119,'FI',1,76,NULL );

INSERT INTO grade VALUES (223,119,'HM',1,85,NULL );

INSERT INTO grade VALUES (223,119,'HM',2,75,NULL );

INSERT INTO grade VALUES (223,119,'HM',3,75,NULL );

INSERT INTO grade VALUES (223,119,'HM',4,85,NULL );

INSERT INTO grade VALUES (223,119,'MT',1,99,NULL );

INSERT INTO grade VALUES (223,119,'PA',1,92,NULL );

INSERT INTO grade VALUES (223,119,'QZ',1,83,NULL );

INSERT INTO grade VALUES (223,119,'QZ',2,82,NULL );

INSERT INTO grade VALUES (224,89,'FI',1,99,NULL );

INSERT INTO grade VALUES (224,89,'MT',1,88,NULL );

INSERT INTO grade VALUES (225,89,'FI',1,90,NULL );

INSERT INTO grade VALUES (225,89,'MT',1,99,NULL );

INSERT INTO grade VALUES (227,89,'FI',1,91,NULL );

INSERT INTO grade VALUES (227,89,'MT',1,90,NULL );

INSERT INTO grade VALUES (227,96,'FI',1,85,NULL );

INSERT INTO grade VALUES (227,96,'HM',1,84,NULL );

INSERT INTO grade VALUES (227,96,'HM',2,84,NULL );

INSERT INTO grade VALUES (227,96,'HM',3,74,NULL );

INSERT INTO grade VALUES (227,96,'HM',4,74,NULL );

INSERT INTO grade VALUES (227,96,'MT',1,88,NULL );

INSERT INTO grade VALUES (227,96,'PA',1,91,NULL );

INSERT INTO grade VALUES (227,96,'QZ',1,92,NULL );

INSERT INTO grade VALUES (227,96,'QZ',2,91,NULL );

INSERT INTO grade VALUES (228,148,'FI',1,85,NULL );

INSERT INTO grade VALUES (228,148,'HM',1,85,NULL );

INSERT INTO grade VALUES (228,148,'HM',2,99,NULL );

INSERT INTO grade VALUES (228,148,'HM',3,82,NULL );

INSERT INTO grade VALUES (228,148,'HM',4,82,NULL );

INSERT INTO grade VALUES (228,148,'HM',5,95,NULL );

INSERT INTO grade VALUES (228,148,'HM',6,95,NULL );

INSERT INTO grade VALUES (228,148,'HM',7,95,NULL );

INSERT INTO grade VALUES (228,148,'HM',8,95,NULL );

INSERT INTO grade VALUES (228,148,'HM',9,85,NULL );

INSERT INTO grade VALUES (228,148,'HM',10,85,NULL );

INSERT INTO grade VALUES (228,148,'MT',1,90,NULL );

INSERT INTO grade VALUES (229,111,'FI',1,85,NULL );

INSERT INTO grade VALUES (229,111,'HM',1,85,NULL );

INSERT INTO grade VALUES (229,111,'HM',2,99,NULL );

INSERT INTO grade VALUES (229,111,'HM',3,82,NULL );

INSERT INTO grade VALUES (229,111,'HM',4,82,NULL );

INSERT INTO grade VALUES (229,111,'HM',5,95,NULL );

INSERT INTO grade VALUES (229,111,'HM',6,95,NULL );

INSERT INTO grade VALUES (229,111,'HM',7,95,NULL );

INSERT INTO grade VALUES (229,111,'HM',8,95,NULL );

INSERT INTO grade VALUES (229,111,'HM',9,85,NULL );

INSERT INTO grade VALUES (229,111,'HM',10,85,NULL );

INSERT INTO grade VALUES (229,111,'MT',1,90,NULL );

INSERT INTO grade VALUES (230,86,'FI',1,90,NULL );

INSERT INTO grade VALUES (230,86,'HM',1,85,NULL );

INSERT INTO grade VALUES (230,86,'HM',2,84,NULL );

INSERT INTO grade VALUES (230,86,'HM',3,97,NULL );

INSERT INTO grade VALUES (230,86,'HM',4,97,NULL );

INSERT INTO grade VALUES (230,86,'MT',1,85,NULL );

INSERT INTO grade VALUES (230,86,'PA',1,90,NULL );

INSERT INTO grade VALUES (230,86,'QZ',1,85,NULL );

INSERT INTO grade VALUES (230,86,'QZ',2,99,NULL );

INSERT INTO grade VALUES (230,86,'QZ',3,82,NULL );

INSERT INTO grade VALUES (230,86,'QZ',4,82,NULL );

INSERT INTO grade VALUES (232,91,'FI',1,76,NULL );

INSERT INTO grade VALUES (232,91,'MT',1,85,NULL );

INSERT INTO grade VALUES (232,147,'FI',1,91,NULL );

INSERT INTO grade VALUES (232,147,'HM',1,76,NULL );

INSERT INTO grade VALUES (232,147,'HM',2,75,NULL );

INSERT INTO grade VALUES (232,147,'HM',3,98,NULL );

INSERT INTO grade VALUES (232,147,'HM',4,98,NULL );

INSERT INTO grade VALUES (232,147,'MT',1,76,NULL );

INSERT INTO grade VALUES (232,147,'PA',1,91,NULL );

INSERT INTO grade VALUES (232,147,'QZ',1,76,NULL );

INSERT INTO grade VALUES (232,147,'QZ',2,90,NULL );

INSERT INTO grade VALUES (232,147,'QZ',3,83,NULL );

INSERT INTO grade VALUES (232,147,'QZ',4,73,NULL );

INSERT INTO grade VALUES (232,149,'PA',1,84,NULL );

INSERT INTO grade VALUES (232,149,'PA',2,87,NULL );

INSERT INTO grade VALUES (232,149,'PA',3,90,NULL );

INSERT INTO grade VALUES (232,149,'PA',4,80,NULL );

INSERT INTO grade VALUES (232,149,'PA',5,73,NULL );

INSERT INTO grade VALUES (232,149,'PA',6,83,NULL );

INSERT INTO grade VALUES (232,149,'PA',7,93,NULL );

INSERT INTO grade VALUES (232,149,'PA',8,93,NULL );

INSERT INTO grade VALUES (232,149,'PA',9,93,NULL );

INSERT INTO grade VALUES (232,149,'PA',10,93,NULL );

INSERT INTO grade VALUES (232,149,'PA',11,88,NULL );

INSERT INTO grade VALUES (232,149,'PA',12,98,NULL );

INSERT INTO grade VALUES (232,149,'PJ',1,83,NULL );

INSERT INTO grade VALUES (233,90,'FI',1,83,NULL );

INSERT INTO grade VALUES (233,90,'MT',1,92,NULL );

INSERT INTO grade VALUES (233,112,'FI',1,77,NULL );

INSERT INTO grade VALUES (233,112,'HM',1,76,NULL );

INSERT INTO grade VALUES (233,112,'HM',2,76,NULL );

INSERT INTO grade VALUES (233,112,'HM',3,86,NULL );

INSERT INTO grade VALUES (233,112,'HM',4,96,NULL );

INSERT INTO grade VALUES (233,112,'MT',1,90,NULL );

INSERT INTO grade VALUES (233,112,'PA',1,83,NULL );

INSERT INTO grade VALUES (233,112,'QZ',1,84,NULL );

INSERT INTO grade VALUES (233,112,'QZ',2,83,NULL );

INSERT INTO grade VALUES (234,137,'PA',1,90,NULL );

INSERT INTO grade VALUES (234,137,'PA',2,83,NULL );

INSERT INTO grade VALUES (234,137,'PA',3,86,NULL );

INSERT INTO grade VALUES (234,137,'PA',4,96,NULL );

INSERT INTO grade VALUES (234,137,'PA',5,89,NULL );

INSERT INTO grade VALUES (234,137,'PA',6,89,NULL );

INSERT INTO grade VALUES (234,137,'PA',7,89,NULL );

INSERT INTO grade VALUES (234,137,'PA',8,79,NULL );

INSERT INTO grade VALUES (234,137,'PA',9,79,NULL );

INSERT INTO grade VALUES (234,137,'PA',10,89,NULL );

INSERT INTO grade VALUES (234,137,'PA',11,84,NULL );

INSERT INTO grade VALUES (234,137,'PA',12,84,NULL );

INSERT INTO grade VALUES (234,137,'PJ',1,99,NULL );

INSERT INTO grade VALUES (235,83,'FI',1,90,NULL );

INSERT INTO grade VALUES (235,83,'MT',1,99,NULL );

INSERT INTO grade VALUES (235,150,'FI',1,99,NULL );

INSERT INTO grade VALUES (235,150,'MT',1,88,NULL );

INSERT INTO grade VALUES (236,138,'FI',1,90,NULL );

INSERT INTO grade VALUES (236,138,'HM',1,99,NULL );

INSERT INTO grade VALUES (236,138,'HM',2,99,NULL );

INSERT INTO grade VALUES (236,138,'HM',3,99,NULL );

INSERT INTO grade VALUES (236,138,'HM',4,99,NULL );

INSERT INTO grade VALUES (236,138,'MT',1,83,NULL );

INSERT INTO grade VALUES (236,138,'PA',1,76,NULL );

INSERT INTO grade VALUES (236,138,'QZ',1,77,NULL );

INSERT INTO grade VALUES (236,138,'QZ',2,76,NULL );

INSERT INTO grade VALUES (236,140,'FI',1,76,NULL );

INSERT INTO grade VALUES (236,140,'HM',1,85,NULL );

INSERT INTO grade VALUES (236,140,'HM',2,75,NULL );

INSERT INTO grade VALUES (236,140,'HM',3,75,NULL );

INSERT INTO grade VALUES (236,140,'HM',4,85,NULL );

INSERT INTO grade VALUES (236,140,'MT',1,99,NULL );

INSERT INTO grade VALUES (236,140,'PA',1,92,NULL );

INSERT INTO grade VALUES (236,140,'QZ',1,83,NULL );

INSERT INTO grade VALUES (236,140,'QZ',2,82,NULL );

INSERT INTO grade VALUES (237,85,'FI',1,84,NULL );

INSERT INTO grade VALUES (237,85,'HM',1,83,NULL );

INSERT INTO grade VALUES (237,85,'HM',2,83,NULL );

INSERT INTO grade VALUES (237,85,'HM',3,83,NULL );

INSERT INTO grade VALUES (237,85,'HM',4,73,NULL );

INSERT INTO grade VALUES (237,85,'MT',1,77,NULL );

INSERT INTO grade VALUES (237,85,'PA',1,90,NULL );

INSERT INTO grade VALUES (237,85,'QZ',1,91,NULL );

INSERT INTO grade VALUES (237,85,'QZ',2,90,NULL );

INSERT INTO grade VALUES (237,141,'FI',1,91,NULL );

INSERT INTO grade VALUES (237,141,'HM',1,90,NULL );

INSERT INTO grade VALUES (237,141,'HM',2,90,NULL );

INSERT INTO grade VALUES (237,141,'HM',3,90,NULL );

INSERT INTO grade VALUES (237,141,'HM',4,80,NULL );

INSERT INTO grade VALUES (237,141,'MT',1,84,NULL );

INSERT INTO grade VALUES (237,141,'PA',1,77,NULL );

INSERT INTO grade VALUES (237,141,'QZ',1,88,NULL );

INSERT INTO grade VALUES (237,141,'QZ',2,87,NULL );

INSERT INTO grade VALUES (238,85,'FI',1,85,NULL );

INSERT INTO grade VALUES (238,85,'HM',1,84,NULL );

INSERT INTO grade VALUES (238,85,'HM',2,84,NULL );

INSERT INTO grade VALUES (238,85,'HM',3,74,NULL );

INSERT INTO grade VALUES (238,85,'HM',4,74,NULL );

INSERT INTO grade VALUES (238,85,'MT',1,88,NULL );

INSERT INTO grade VALUES (238,85,'PA',1,91,NULL );

INSERT INTO grade VALUES (238,85,'QZ',1,92,NULL );

INSERT INTO grade VALUES (238,85,'QZ',2,91,NULL );

INSERT INTO grade VALUES (238,103,'FI',1,88,NULL );

INSERT INTO grade VALUES (238,103,'HM',1,77,NULL );

INSERT INTO grade VALUES (238,103,'HM',2,87,NULL );

INSERT INTO grade VALUES (238,103,'HM',3,97,NULL );

INSERT INTO grade VALUES (238,103,'HM',4,97,NULL );

INSERT INTO grade VALUES (238,103,'MT',1,91,NULL );

INSERT INTO grade VALUES (238,103,'PA',1,84,NULL );

INSERT INTO grade VALUES (238,103,'QZ',1,85,NULL );

INSERT INTO grade VALUES (238,103,'QZ',2,84,NULL );

INSERT INTO grade VALUES (238,141,'FI',1,92,NULL );

INSERT INTO grade VALUES (238,141,'HM',1,91,NULL );

INSERT INTO grade VALUES (238,141,'HM',2,91,NULL );

INSERT INTO grade VALUES (238,141,'HM',3,81,NULL );

INSERT INTO grade VALUES (238,141,'HM',4,81,NULL );

INSERT INTO grade VALUES (238,141,'MT',1,85,NULL );

INSERT INTO grade VALUES (238,141,'PA',1,88,NULL );

INSERT INTO grade VALUES (238,141,'QZ',1,99,NULL );

INSERT INTO grade VALUES (238,141,'QZ',2,98,NULL );

INSERT INTO grade VALUES (240,81,'FI',1,83,NULL );

INSERT INTO grade VALUES (240,81,'HM',1,88,NULL );

INSERT INTO grade VALUES (240,81,'HM',2,87,NULL );

INSERT INTO grade VALUES (240,81,'HM',3,90,NULL );

INSERT INTO grade VALUES (240,81,'HM',4,80,NULL );

INSERT INTO grade VALUES (240,81,'MT',1,88,NULL );

INSERT INTO grade VALUES (240,81,'PA',1,83,NULL );

INSERT INTO grade VALUES (240,81,'QZ',1,88,NULL );

INSERT INTO grade VALUES (240,81,'QZ',2,82,NULL );

INSERT INTO grade VALUES (240,81,'QZ',3,75,NULL );

INSERT INTO grade VALUES (240,81,'QZ',4,85,NULL );

INSERT INTO grade VALUES (241,155,'PA',1,76,NULL );

INSERT INTO grade VALUES (241,155,'PA',2,99,NULL );

INSERT INTO grade VALUES (241,155,'PA',3,82,NULL );

INSERT INTO grade VALUES (241,155,'PA',4,82,NULL );

INSERT INTO grade VALUES (241,155,'PA',5,95,NULL );

INSERT INTO grade VALUES (241,155,'PA',6,95,NULL );

INSERT INTO grade VALUES (241,155,'PA',7,95,NULL );

INSERT INTO grade VALUES (241,155,'PA',8,95,NULL );

INSERT INTO grade VALUES (241,155,'PA',9,85,NULL );

INSERT INTO grade VALUES (241,155,'PA',10,85,NULL );

INSERT INTO grade VALUES (241,155,'PA',11,90,NULL );

INSERT INTO grade VALUES (241,155,'PA',12,90,NULL );

INSERT INTO grade VALUES (241,155,'PJ',1,85,NULL );

INSERT INTO grade VALUES (242,148,'FI',1,76,NULL );

INSERT INTO grade VALUES (242,148,'HM',1,76,NULL );

INSERT INTO grade VALUES (242,148,'HM',2,90,NULL );

INSERT INTO grade VALUES (242,148,'HM',3,83,NULL );

INSERT INTO grade VALUES (242,148,'HM',4,73,NULL );

INSERT INTO grade VALUES (242,148,'HM',5,96,NULL );

INSERT INTO grade VALUES (242,148,'HM',6,96,NULL );

INSERT INTO grade VALUES (242,148,'HM',7,96,NULL );

INSERT INTO grade VALUES (242,148,'HM',8,86,NULL );

INSERT INTO grade VALUES (242,148,'HM',9,86,NULL );

INSERT INTO grade VALUES (242,148,'HM',10,86,NULL );

INSERT INTO grade VALUES (242,148,'MT',1,91,NULL );

INSERT INTO grade VALUES (243,103,'FI',1,99,NULL );

INSERT INTO grade VALUES (243,103,'HM',1,88,NULL );

INSERT INTO grade VALUES (243,103,'HM',2,98,NULL );

INSERT INTO grade VALUES (243,103,'HM',3,98,NULL );

INSERT INTO grade VALUES (243,103,'HM',4,98,NULL );

INSERT INTO grade VALUES (243,103,'MT',1,92,NULL );

INSERT INTO grade VALUES (243,103,'PA',1,85,NULL );

INSERT INTO grade VALUES (243,103,'QZ',1,76,NULL );

INSERT INTO grade VALUES (243,103,'QZ',2,75,NULL );

INSERT INTO grade VALUES (244,82,'PA',1,77,NULL );

INSERT INTO grade VALUES (244,82,'PA',2,90,NULL );

INSERT INTO grade VALUES (244,82,'PA',3,83,NULL );

INSERT INTO grade VALUES (244,82,'PA',4,73,NULL );

INSERT INTO grade VALUES (244,82,'PA',5,96,NULL );

INSERT INTO grade VALUES (244,82,'PA',6,96,NULL );

INSERT INTO grade VALUES (244,82,'PA',7,96,NULL );

INSERT INTO grade VALUES (244,82,'PA',8,86,NULL );

INSERT INTO grade VALUES (244,82,'PA',9,86,NULL );

INSERT INTO grade VALUES (244,82,'PA',10,86,NULL );

INSERT INTO grade VALUES (244,82,'PA',11,91,NULL );

INSERT INTO grade VALUES (244,82,'PA',12,91,NULL );

INSERT INTO grade VALUES (244,82,'PJ',1,76,NULL );

INSERT INTO grade VALUES (245,82,'PA',1,88,NULL );

INSERT INTO grade VALUES (245,82,'PA',2,91,NULL );

INSERT INTO grade VALUES (245,82,'PA',3,74,NULL );

INSERT INTO grade VALUES (245,82,'PA',4,74,NULL );

INSERT INTO grade VALUES (245,82,'PA',5,97,NULL );

INSERT INTO grade VALUES (245,82,'PA',6,97,NULL );

INSERT INTO grade VALUES (245,82,'PA',7,87,NULL );

INSERT INTO grade VALUES (245,82,'PA',8,87,NULL );

INSERT INTO grade VALUES (245,82,'PA',9,87,NULL );

INSERT INTO grade VALUES (245,82,'PA',10,77,NULL );

INSERT INTO grade VALUES (245,82,'PA',11,92,NULL );

INSERT INTO grade VALUES (245,82,'PA',12,82,NULL );

INSERT INTO grade VALUES (245,82,'PJ',1,77,NULL );

INSERT INTO grade VALUES (246,85,'FI',1,76,NULL );

INSERT INTO grade VALUES (246,85,'HM',1,85,NULL );

INSERT INTO grade VALUES (246,85,'HM',2,75,NULL );

INSERT INTO grade VALUES (246,85,'HM',3,75,NULL );

INSERT INTO grade VALUES (246,85,'HM',4,85,NULL );

INSERT INTO grade VALUES (246,85,'MT',1,99,NULL );

INSERT INTO grade VALUES (246,85,'PA',1,92,NULL );

INSERT INTO grade VALUES (246,85,'QZ',1,83,NULL );

INSERT INTO grade VALUES (246,85,'QZ',2,82,NULL );

INSERT INTO grade VALUES (247,92,'FI',1,92,NULL );

INSERT INTO grade VALUES (247,92,'MT',1,91,NULL );

INSERT INTO grade VALUES (248,148,'FI',1,77,NULL );

INSERT INTO grade VALUES (248,148,'HM',1,77,NULL );

INSERT INTO grade VALUES (248,148,'HM',2,91,NULL );

INSERT INTO grade VALUES (248,148,'HM',3,74,NULL );

INSERT INTO grade VALUES (248,148,'HM',4,74,NULL );

INSERT INTO grade VALUES (248,148,'HM',5,97,NULL );

INSERT INTO grade VALUES (248,148,'HM',6,97,NULL );

INSERT INTO grade VALUES (248,148,'HM',7,87,NULL );

INSERT INTO grade VALUES (248,148,'HM',8,87,NULL );

INSERT INTO grade VALUES (248,148,'HM',9,87,NULL );

INSERT INTO grade VALUES (248,148,'HM',10,77,NULL );

INSERT INTO grade VALUES (248,148,'MT',1,92,NULL );

INSERT INTO grade VALUES (248,155,'PA',1,77,NULL );

INSERT INTO grade VALUES (248,155,'PA',2,90,NULL );

INSERT INTO grade VALUES (248,155,'PA',3,83,NULL );

INSERT INTO grade VALUES (248,155,'PA',4,73,NULL );

INSERT INTO grade VALUES (248,155,'PA',5,96,NULL );

INSERT INTO grade VALUES (248,155,'PA',6,96,NULL );

INSERT INTO grade VALUES (248,155,'PA',7,96,NULL );

INSERT INTO grade VALUES (248,155,'PA',8,86,NULL );

INSERT INTO grade VALUES (248,155,'PA',9,86,NULL );

INSERT INTO grade VALUES (248,155,'PA',10,86,NULL );

INSERT INTO grade VALUES (248,155,'PA',11,91,NULL );

INSERT INTO grade VALUES (248,155,'PA',12,91,NULL );

INSERT INTO grade VALUES (248,155,'PJ',1,76,NULL );

INSERT INTO grade VALUES (250,126,'FI',1,85,NULL );

INSERT INTO grade VALUES (250,126,'HM',1,84,NULL );

INSERT INTO grade VALUES (250,126,'HM',2,84,NULL );

INSERT INTO grade VALUES (250,126,'HM',3,74,NULL );

INSERT INTO grade VALUES (250,126,'HM',4,74,NULL );

INSERT INTO grade VALUES (250,126,'MT',1,88,NULL );

INSERT INTO grade VALUES (250,126,'PA',1,91,NULL );

INSERT INTO grade VALUES (250,126,'QZ',1,92,NULL );

INSERT INTO grade VALUES (250,126,'QZ',2,91,NULL );

INSERT INTO grade VALUES (250,146,'FI',1,88,NULL );

INSERT INTO grade VALUES (250,146,'HM',1,77,NULL );

INSERT INTO grade VALUES (250,146,'HM',2,87,NULL );

INSERT INTO grade VALUES (250,146,'HM',3,97,NULL );

INSERT INTO grade VALUES (250,146,'HM',4,97,NULL );

INSERT INTO grade VALUES (250,146,'MT',1,91,NULL );

INSERT INTO grade VALUES (250,146,'PA',1,84,NULL );

INSERT INTO grade VALUES (250,146,'QZ',1,85,NULL );

INSERT INTO grade VALUES (250,146,'QZ',2,84,NULL );

INSERT INTO grade VALUES (250,154,'FI',1,88,NULL );

INSERT INTO grade VALUES (250,154,'HM',1,88,NULL );

INSERT INTO grade VALUES (250,154,'HM',2,82,NULL );

INSERT INTO grade VALUES (250,154,'HM',3,75,NULL );

INSERT INTO grade VALUES (250,154,'HM',4,85,NULL );

INSERT INTO grade VALUES (250,154,'HM',5,98,NULL );

INSERT INTO grade VALUES (250,154,'HM',6,88,NULL );

INSERT INTO grade VALUES (250,154,'HM',7,88,NULL );

INSERT INTO grade VALUES (250,154,'HM',8,88,NULL );

INSERT INTO grade VALUES (250,154,'HM',9,78,NULL );

INSERT INTO grade VALUES (250,154,'HM',10,78,NULL );

INSERT INTO grade VALUES (250,154,'MT',1,83,NULL );

INSERT INTO grade VALUES (251,99,'FI',1,76,NULL );

INSERT INTO grade VALUES (251,99,'HM',1,85,NULL );

INSERT INTO grade VALUES (251,99,'HM',2,75,NULL );

INSERT INTO grade VALUES (251,99,'HM',3,75,NULL );

INSERT INTO grade VALUES (251,99,'HM',4,85,NULL );

INSERT INTO grade VALUES (251,99,'MT',1,99,NULL );

INSERT INTO grade VALUES (251,99,'PA',1,92,NULL );

INSERT INTO grade VALUES (251,99,'QZ',1,83,NULL );

INSERT INTO grade VALUES (251,99,'QZ',2,82,NULL );

INSERT INTO grade VALUES (251,101,'FI',1,99,NULL );

INSERT INTO grade VALUES (251,101,'HM',1,88,NULL );

INSERT INTO grade VALUES (251,101,'HM',2,98,NULL );

INSERT INTO grade VALUES (251,101,'HM',3,98,NULL );

INSERT INTO grade VALUES (251,101,'HM',4,98,NULL );

INSERT INTO grade VALUES (251,101,'MT',1,92,NULL );

INSERT INTO grade VALUES (251,101,'PA',1,85,NULL );

INSERT INTO grade VALUES (251,101,'QZ',1,76,NULL );

INSERT INTO grade VALUES (251,101,'QZ',2,75,NULL );

INSERT INTO grade VALUES (252,99,'FI',1,77,NULL );

INSERT INTO grade VALUES (252,99,'HM',1,76,NULL );

INSERT INTO grade VALUES (252,99,'HM',2,76,NULL );

INSERT INTO grade VALUES (252,99,'HM',3,86,NULL );

INSERT INTO grade VALUES (252,99,'HM',4,96,NULL );

INSERT INTO grade VALUES (252,99,'MT',1,90,NULL );

INSERT INTO grade VALUES (252,99,'PA',1,83,NULL );

INSERT INTO grade VALUES (252,99,'QZ',1,84,NULL );

INSERT INTO grade VALUES (252,99,'QZ',2,83,NULL );

INSERT INTO grade VALUES (252,101,'FI',1,90,NULL );

INSERT INTO grade VALUES (252,101,'HM',1,99,NULL );

INSERT INTO grade VALUES (252,101,'HM',2,99,NULL );

INSERT INTO grade VALUES (252,101,'HM',3,99,NULL );

INSERT INTO grade VALUES (252,101,'HM',4,99,NULL );

INSERT INTO grade VALUES (252,101,'MT',1,83,NULL );

INSERT INTO grade VALUES (252,101,'PA',1,76,NULL );

INSERT INTO grade VALUES (252,101,'QZ',1,77,NULL );

INSERT INTO grade VALUES (252,101,'QZ',2,76,NULL );

INSERT INTO grade VALUES (253,89,'FI',1,92,NULL );

INSERT INTO grade VALUES (253,89,'MT',1,91,NULL );

INSERT INTO grade VALUES (254,87,'FI',1,91,NULL );

INSERT INTO grade VALUES (254,87,'HM',1,91,NULL );

INSERT INTO grade VALUES (254,87,'HM',2,75,NULL );

INSERT INTO grade VALUES (254,87,'HM',3,98,NULL );

INSERT INTO grade VALUES (254,87,'HM',4,98,NULL );

INSERT INTO grade VALUES (254,87,'HM',5,81,NULL );

INSERT INTO grade VALUES (254,87,'HM',6,71,NULL );

INSERT INTO grade VALUES (254,87,'HM',7,71,NULL );

INSERT INTO grade VALUES (254,87,'HM',8,81,NULL );

INSERT INTO grade VALUES (254,87,'HM',9,91,NULL );

INSERT INTO grade VALUES (254,87,'HM',10,91,NULL );

INSERT INTO grade VALUES (254,87,'MT',1,76,NULL );

INSERT INTO grade VALUES (256,87,'FI',1,92,NULL );

INSERT INTO grade VALUES (256,87,'HM',1,92,NULL );

INSERT INTO grade VALUES (256,87,'HM',2,76,NULL );

INSERT INTO grade VALUES (256,87,'HM',3,99,NULL );

INSERT INTO grade VALUES (256,87,'HM',4,99,NULL );

INSERT INTO grade VALUES (256,87,'HM',5,72,NULL );

INSERT INTO grade VALUES (256,87,'HM',6,72,NULL );

INSERT INTO grade VALUES (256,87,'HM',7,82,NULL );

INSERT INTO grade VALUES (256,87,'HM',8,92,NULL );

INSERT INTO grade VALUES (256,87,'HM',9,92,NULL );

INSERT INTO grade VALUES (256,87,'HM',10,92,NULL );

INSERT INTO grade VALUES (256,87,'MT',1,77,NULL );

INSERT INTO grade VALUES (256,89,'FI',1,83,NULL );

INSERT INTO grade VALUES (256,89,'MT',1,92,NULL );

INSERT INTO grade VALUES (257,90,'FI',1,84,NULL );

INSERT INTO grade VALUES (257,90,'MT',1,83,NULL );

INSERT INTO grade VALUES (258,106,'FI',1,83,NULL );

INSERT INTO grade VALUES (258,106,'HM',1,88,NULL );

INSERT INTO grade VALUES (258,106,'HM',2,87,NULL );

INSERT INTO grade VALUES (258,106,'HM',3,90,NULL );

INSERT INTO grade VALUES (258,106,'HM',4,80,NULL );

INSERT INTO grade VALUES (258,106,'MT',1,88,NULL );

INSERT INTO grade VALUES (258,106,'PA',1,83,NULL );

INSERT INTO grade VALUES (258,106,'QZ',1,88,NULL );

INSERT INTO grade VALUES (258,106,'QZ',2,82,NULL );

INSERT INTO grade VALUES (258,106,'QZ',3,75,NULL );

INSERT INTO grade VALUES (258,106,'QZ',4,85,NULL );

INSERT INTO grade VALUES (259,105,'FI',1,90,NULL );

INSERT INTO grade VALUES (259,105,'HM',1,99,NULL );

INSERT INTO grade VALUES (259,105,'HM',2,99,NULL );

INSERT INTO grade VALUES (259,105,'HM',3,99,NULL );

INSERT INTO grade VALUES (259,105,'HM',4,99,NULL );

INSERT INTO grade VALUES (259,105,'MT',1,83,NULL );

INSERT INTO grade VALUES (259,105,'PA',1,76,NULL );

INSERT INTO grade VALUES (259,105,'QZ',1,77,NULL );

INSERT INTO grade VALUES (259,105,'QZ',2,76,NULL );

INSERT INTO grade VALUES (259,135,'FI',1,99,NULL );

INSERT INTO grade VALUES (259,135,'HM',1,84,NULL );

INSERT INTO grade VALUES (259,135,'HM',2,83,NULL );

INSERT INTO grade VALUES (259,135,'HM',3,86,NULL );

INSERT INTO grade VALUES (259,135,'HM',4,96,NULL );

INSERT INTO grade VALUES (259,135,'MT',1,84,NULL );

INSERT INTO grade VALUES (259,135,'PA',1,99,NULL );

INSERT INTO grade VALUES (259,135,'QZ',1,84,NULL );

INSERT INTO grade VALUES (259,135,'QZ',2,98,NULL );

INSERT INTO grade VALUES (259,135,'QZ',3,81,NULL );

INSERT INTO grade VALUES (259,135,'QZ',4,81,NULL );

INSERT INTO grade VALUES (260,105,'FI',1,91,NULL );

INSERT INTO grade VALUES (260,105,'HM',1,90,NULL );

INSERT INTO grade VALUES (260,105,'HM',2,90,NULL );

INSERT INTO grade VALUES (260,105,'HM',3,90,NULL );

INSERT INTO grade VALUES (260,105,'HM',4,80,NULL );

INSERT INTO grade VALUES (260,105,'MT',1,84,NULL );

INSERT INTO grade VALUES (260,105,'PA',1,77,NULL );

INSERT INTO grade VALUES (260,105,'QZ',1,88,NULL );

INSERT INTO grade VALUES (260,105,'QZ',2,87,NULL );

INSERT INTO grade VALUES (260,148,'FI',1,88,NULL );

INSERT INTO grade VALUES (260,148,'HM',1,88,NULL );

INSERT INTO grade VALUES (260,148,'HM',2,82,NULL );

INSERT INTO grade VALUES (260,148,'HM',3,75,NULL );

INSERT INTO grade VALUES (260,148,'HM',4,85,NULL );

INSERT INTO grade VALUES (260,148,'HM',5,98,NULL );

INSERT INTO grade VALUES (260,148,'HM',6,88,NULL );

INSERT INTO grade VALUES (260,148,'HM',7,88,NULL );

INSERT INTO grade VALUES (260,148,'HM',8,88,NULL );

INSERT INTO grade VALUES (260,148,'HM',9,78,NULL );

INSERT INTO grade VALUES (260,148,'HM',10,78,NULL );

INSERT INTO grade VALUES (260,148,'MT',1,83,NULL );

INSERT INTO grade VALUES (261,105,'FI',1,92,NULL );

INSERT INTO grade VALUES (261,105,'HM',1,91,NULL );

INSERT INTO grade VALUES (261,105,'HM',2,91,NULL );

INSERT INTO grade VALUES (261,105,'HM',3,81,NULL );

INSERT INTO grade VALUES (261,105,'HM',4,81,NULL );

INSERT INTO grade VALUES (261,105,'MT',1,85,NULL );

INSERT INTO grade VALUES (261,105,'PA',1,88,NULL );

INSERT INTO grade VALUES (261,105,'QZ',1,99,NULL );

INSERT INTO grade VALUES (261,105,'QZ',2,98,NULL );

INSERT INTO grade VALUES (262,100,'FI',1,85,NULL );

INSERT INTO grade VALUES (262,100,'HM',1,90,NULL );

INSERT INTO grade VALUES (262,100,'HM',2,99,NULL );

INSERT INTO grade VALUES (262,100,'HM',3,82,NULL );

INSERT INTO grade VALUES (262,100,'HM',4,82,NULL );

INSERT INTO grade VALUES (262,100,'MT',1,90,NULL );

INSERT INTO grade VALUES (262,100,'PA',1,85,NULL );

INSERT INTO grade VALUES (262,100,'QZ',1,90,NULL );

INSERT INTO grade VALUES (262,100,'QZ',2,84,NULL );

INSERT INTO grade VALUES (262,100,'QZ',3,97,NULL );

INSERT INTO grade VALUES (262,100,'QZ',4,97,NULL );

INSERT INTO grade VALUES (263,105,'FI',1,83,NULL );

INSERT INTO grade VALUES (263,105,'HM',1,92,NULL );

INSERT INTO grade VALUES (263,105,'HM',2,82,NULL );

INSERT INTO grade VALUES (263,105,'HM',3,82,NULL );

INSERT INTO grade VALUES (263,105,'HM',4,82,NULL );

INSERT INTO grade VALUES (263,105,'MT',1,76,NULL );

INSERT INTO grade VALUES (263,105,'PA',1,99,NULL );

INSERT INTO grade VALUES (263,105,'QZ',1,90,NULL );

INSERT INTO grade VALUES (263,105,'QZ',2,99,NULL );

INSERT INTO grade VALUES (264,116,'FI',1,76,NULL );

INSERT INTO grade VALUES (264,116,'HM',1,85,NULL );

INSERT INTO grade VALUES (264,116,'HM',2,75,NULL );

INSERT INTO grade VALUES (264,116,'HM',3,75,NULL );

INSERT INTO grade VALUES (264,116,'HM',4,85,NULL );

INSERT INTO grade VALUES (264,116,'MT',1,99,NULL );

INSERT INTO grade VALUES (264,116,'PA',1,92,NULL );

INSERT INTO grade VALUES (264,116,'QZ',1,83,NULL );

INSERT INTO grade VALUES (264,116,'QZ',2,82,NULL );

INSERT INTO grade VALUES (265,92,'FI',1,83,NULL );

INSERT INTO grade VALUES (265,92,'MT',1,92,NULL );

INSERT INTO grade VALUES (266,92,'FI',1,84,NULL );

INSERT INTO grade VALUES (266,92,'MT',1,83,NULL );

INSERT INTO grade VALUES (267,95,'FI',1,77,NULL );

INSERT INTO grade VALUES (267,95,'HM',1,76,NULL );

INSERT INTO grade VALUES (267,95,'HM',2,76,NULL );

INSERT INTO grade VALUES (267,95,'HM',3,86,NULL );

INSERT INTO grade VALUES (267,95,'HM',4,96,NULL );

INSERT INTO grade VALUES (267,95,'MT',1,90,NULL );

INSERT INTO grade VALUES (267,95,'PA',1,83,NULL );

INSERT INTO grade VALUES (267,95,'QZ',1,84,NULL );

INSERT INTO grade VALUES (267,95,'QZ',2,83,NULL );

INSERT INTO grade VALUES (267,125,'FI',1,85,NULL );

INSERT INTO grade VALUES (267,125,'HM',1,84,NULL );

INSERT INTO grade VALUES (267,125,'HM',2,84,NULL );

INSERT INTO grade VALUES (267,125,'HM',3,74,NULL );

INSERT INTO grade VALUES (267,125,'HM',4,74,NULL );

INSERT INTO grade VALUES (267,125,'MT',1,88,NULL );

INSERT INTO grade VALUES (267,125,'PA',1,91,NULL );

INSERT INTO grade VALUES (267,125,'QZ',1,92,NULL );

INSERT INTO grade VALUES (267,125,'QZ',2,91,NULL );

INSERT INTO grade VALUES (268,126,'FI',1,76,NULL );

INSERT INTO grade VALUES (268,126,'HM',1,85,NULL );

INSERT INTO grade VALUES (268,126,'HM',2,75,NULL );

INSERT INTO grade VALUES (268,126,'HM',3,75,NULL );

INSERT INTO grade VALUES (268,126,'HM',4,85,NULL );

INSERT INTO grade VALUES (268,126,'MT',1,99,NULL );

INSERT INTO grade VALUES (268,126,'PA',1,92,NULL );

INSERT INTO grade VALUES (268,126,'QZ',1,83,NULL );

INSERT INTO grade VALUES (268,126,'QZ',2,82,NULL );

INSERT INTO grade VALUES (269,126,'FI',1,77,NULL );

INSERT INTO grade VALUES (269,126,'HM',1,76,NULL );

INSERT INTO grade VALUES (269,126,'HM',2,76,NULL );

INSERT INTO grade VALUES (269,126,'HM',3,86,NULL );

INSERT INTO grade VALUES (269,126,'HM',4,96,NULL );

INSERT INTO grade VALUES (269,126,'MT',1,90,NULL );

INSERT INTO grade VALUES (269,126,'PA',1,83,NULL );

INSERT INTO grade VALUES (269,126,'QZ',1,84,NULL );

INSERT INTO grade VALUES (269,126,'QZ',2,83,NULL );

INSERT INTO grade VALUES (270,126,'FI',1,88,NULL );

INSERT INTO grade VALUES (270,126,'HM',1,77,NULL );

INSERT INTO grade VALUES (270,126,'HM',2,87,NULL );

INSERT INTO grade VALUES (270,126,'HM',3,97,NULL );

INSERT INTO grade VALUES (270,126,'HM',4,97,NULL );

INSERT INTO grade VALUES (270,126,'MT',1,91,NULL );

INSERT INTO grade VALUES (270,126,'PA',1,84,NULL );

INSERT INTO grade VALUES (270,126,'QZ',1,85,NULL );

INSERT INTO grade VALUES (270,126,'QZ',2,84,NULL );

INSERT INTO grade VALUES (270,153,'FI',1,76,NULL );

INSERT INTO grade VALUES (270,153,'HM',1,91,NULL );

INSERT INTO grade VALUES (270,153,'HM',2,90,NULL );

INSERT INTO grade VALUES (270,153,'HM',3,83,NULL );

INSERT INTO grade VALUES (270,153,'HM',4,73,NULL );

INSERT INTO grade VALUES (270,153,'MT',1,91,NULL );

INSERT INTO grade VALUES (270,153,'PA',1,76,NULL );

INSERT INTO grade VALUES (270,153,'QZ',1,91,NULL );

INSERT INTO grade VALUES (270,153,'QZ',2,75,NULL );

INSERT INTO grade VALUES (270,153,'QZ',3,98,NULL );

INSERT INTO grade VALUES (270,153,'QZ',4,98,NULL );

INSERT INTO grade VALUES (271,91,'FI',1,77,NULL );

INSERT INTO grade VALUES (271,91,'MT',1,76,NULL );

INSERT INTO grade VALUES (271,145,'FI',1,92,NULL );

INSERT INTO grade VALUES (271,145,'MT',1,91,NULL );

INSERT INTO grade VALUES (272,153,'FI',1,77,NULL );

INSERT INTO grade VALUES (272,153,'HM',1,92,NULL );

INSERT INTO grade VALUES (272,153,'HM',2,91,NULL );

INSERT INTO grade VALUES (272,153,'HM',3,74,NULL );

INSERT INTO grade VALUES (272,153,'HM',4,74,NULL );

INSERT INTO grade VALUES (272,153,'MT',1,92,NULL );

INSERT INTO grade VALUES (272,153,'PA',1,77,NULL );

INSERT INTO grade VALUES (272,153,'QZ',1,92,NULL );

INSERT INTO grade VALUES (272,153,'QZ',2,76,NULL );

INSERT INTO grade VALUES (272,153,'QZ',3,99,NULL );

INSERT INTO grade VALUES (272,153,'QZ',4,99,NULL );

INSERT INTO grade VALUES (273,151,'FI',1,92,NULL );

INSERT INTO grade VALUES (273,151,'MT',1,91,NULL );

INSERT INTO grade VALUES (274,151,'FI',1,83,NULL );

INSERT INTO grade VALUES (274,151,'MT',1,92,NULL );

INSERT INTO grade VALUES (275,153,'FI',1,88,NULL );

INSERT INTO grade VALUES (275,153,'HM',1,83,NULL );

INSERT INTO grade VALUES (275,153,'HM',2,82,NULL );

INSERT INTO grade VALUES (275,153,'HM',3,75,NULL );

INSERT INTO grade VALUES (275,153,'HM',4,85,NULL );

INSERT INTO grade VALUES (275,153,'MT',1,83,NULL );

INSERT INTO grade VALUES (275,153,'PA',1,88,NULL );

INSERT INTO grade VALUES (275,153,'QZ',1,83,NULL );

INSERT INTO grade VALUES (275,153,'QZ',2,87,NULL );

INSERT INTO grade VALUES (275,153,'QZ',3,90,NULL );

INSERT INTO grade VALUES (275,153,'QZ',4,80,NULL );

INSERT INTO grade VALUES (276,99,'FI',1,88,NULL );

INSERT INTO grade VALUES (276,99,'HM',1,77,NULL );

INSERT INTO grade VALUES (276,99,'HM',2,87,NULL );

INSERT INTO grade VALUES (276,99,'HM',3,97,NULL );

INSERT INTO grade VALUES (276,99,'HM',4,97,NULL );

INSERT INTO grade VALUES (276,99,'MT',1,91,NULL );

INSERT INTO grade VALUES (276,99,'PA',1,84,NULL );

INSERT INTO grade VALUES (276,99,'QZ',1,85,NULL );

INSERT INTO grade VALUES (276,99,'QZ',2,84,NULL );

INSERT INTO grade VALUES (276,101,'FI',1,91,NULL );

INSERT INTO grade VALUES (276,101,'HM',1,90,NULL );

INSERT INTO grade VALUES (276,101,'HM',2,90,NULL );

INSERT INTO grade VALUES (276,101,'HM',3,90,NULL );

INSERT INTO grade VALUES (276,101,'HM',4,80,NULL );

INSERT INTO grade VALUES (276,101,'MT',1,84,NULL );

INSERT INTO grade VALUES (276,101,'PA',1,77,NULL );

INSERT INTO grade VALUES (276,101,'QZ',1,88,NULL );

INSERT INTO grade VALUES (276,101,'QZ',2,87,NULL );

INSERT INTO grade VALUES (277,99,'FI',1,99,NULL );

INSERT INTO grade VALUES (277,99,'HM',1,88,NULL );

INSERT INTO grade VALUES (277,99,'HM',2,98,NULL );

INSERT INTO grade VALUES (277,99,'HM',3,98,NULL );

INSERT INTO grade VALUES (277,99,'HM',4,98,NULL );

INSERT INTO grade VALUES (277,99,'MT',1,92,NULL );

INSERT INTO grade VALUES (277,99,'PA',1,85,NULL );

INSERT INTO grade VALUES (277,99,'QZ',1,76,NULL );

INSERT INTO grade VALUES (277,99,'QZ',2,75,NULL );

INSERT INTO grade VALUES (277,101,'FI',1,92,NULL );

INSERT INTO grade VALUES (277,101,'HM',1,91,NULL );

INSERT INTO grade VALUES (277,101,'HM',2,91,NULL );

INSERT INTO grade VALUES (277,101,'HM',3,81,NULL );

INSERT INTO grade VALUES (277,101,'HM',4,81,NULL );

INSERT INTO grade VALUES (277,101,'MT',1,85,NULL );

INSERT INTO grade VALUES (277,101,'PA',1,88,NULL );

INSERT INTO grade VALUES (277,101,'QZ',1,99,NULL );

INSERT INTO grade VALUES (277,101,'QZ',2,98,NULL );

INSERT INTO grade VALUES (278,99,'FI',1,90,NULL );

INSERT INTO grade VALUES (278,99,'HM',1,99,NULL );

INSERT INTO grade VALUES (278,99,'HM',2,99,NULL );

INSERT INTO grade VALUES (278,99,'HM',3,99,NULL );

INSERT INTO grade VALUES (278,99,'HM',4,99,NULL );

INSERT INTO grade VALUES (278,99,'MT',1,83,NULL );

INSERT INTO grade VALUES (278,99,'PA',1,76,NULL );

INSERT INTO grade VALUES (278,99,'QZ',1,77,NULL );

INSERT INTO grade VALUES (278,99,'QZ',2,76,NULL );

INSERT INTO grade VALUES (278,101,'FI',1,83,NULL );

INSERT INTO grade VALUES (278,101,'HM',1,92,NULL );

INSERT INTO grade VALUES (278,101,'HM',2,82,NULL );

INSERT INTO grade VALUES (278,101,'HM',3,82,NULL );

INSERT INTO grade VALUES (278,101,'HM',4,82,NULL );

INSERT INTO grade VALUES (278,101,'MT',1,76,NULL );

INSERT INTO grade VALUES (278,101,'PA',1,99,NULL );

INSERT INTO grade VALUES (278,101,'QZ',1,90,NULL );

INSERT INTO grade VALUES (278,101,'QZ',2,99,NULL );

INSERT INTO grade VALUES (279,99,'FI',1,91,NULL );

INSERT INTO grade VALUES (279,99,'HM',1,90,NULL );

INSERT INTO grade VALUES (279,99,'HM',2,90,NULL );

INSERT INTO grade VALUES (279,99,'HM',3,90,NULL );

INSERT INTO grade VALUES (279,99,'HM',4,80,NULL );

INSERT INTO grade VALUES (279,99,'MT',1,84,NULL );

INSERT INTO grade VALUES (279,99,'PA',1,77,NULL );

INSERT INTO grade VALUES (279,99,'QZ',1,88,NULL );

INSERT INTO grade VALUES (279,99,'QZ',2,87,NULL );

INSERT INTO grade VALUES (279,101,'FI',1,84,NULL );

INSERT INTO grade VALUES (279,101,'HM',1,83,NULL );

INSERT INTO grade VALUES (279,101,'HM',2,83,NULL );

INSERT INTO grade VALUES (279,101,'HM',3,83,NULL );

INSERT INTO grade VALUES (279,101,'HM',4,73,NULL );

INSERT INTO grade VALUES (279,101,'MT',1,77,NULL );

INSERT INTO grade VALUES (279,101,'PA',1,90,NULL );

INSERT INTO grade VALUES (279,101,'QZ',1,91,NULL );

INSERT INTO grade VALUES (279,101,'QZ',2,90,NULL );

INSERT INTO grade VALUES (280,99,'FI',1,92,NULL );

INSERT INTO grade VALUES (280,99,'HM',1,91,NULL );

INSERT INTO grade VALUES (280,99,'HM',2,91,NULL );

INSERT INTO grade VALUES (280,99,'HM',3,81,NULL );

INSERT INTO grade VALUES (280,99,'HM',4,81,NULL );

INSERT INTO grade VALUES (280,99,'MT',1,85,NULL );

INSERT INTO grade VALUES (280,99,'PA',1,88,NULL );

INSERT INTO grade VALUES (280,99,'QZ',1,99,NULL );

INSERT INTO grade VALUES (280,99,'QZ',2,98,NULL );

INSERT INTO grade VALUES (280,101,'FI',1,85,NULL );

INSERT INTO grade VALUES (280,101,'HM',1,84,NULL );

INSERT INTO grade VALUES (280,101,'HM',2,84,NULL );

INSERT INTO grade VALUES (280,101,'HM',3,74,NULL );

INSERT INTO grade VALUES (280,101,'HM',4,74,NULL );

INSERT INTO grade VALUES (280,101,'MT',1,88,NULL );

INSERT INTO grade VALUES (280,101,'PA',1,91,NULL );

INSERT INTO grade VALUES (280,101,'QZ',1,92,NULL );

INSERT INTO grade VALUES (280,101,'QZ',2,91,NULL );

INSERT INTO grade VALUES (281,99,'FI',1,83,NULL );

INSERT INTO grade VALUES (281,99,'HM',1,92,NULL );

INSERT INTO grade VALUES (281,99,'HM',2,82,NULL );

INSERT INTO grade VALUES (281,99,'HM',3,82,NULL );

INSERT INTO grade VALUES (281,99,'HM',4,82,NULL );

INSERT INTO grade VALUES (281,99,'MT',1,76,NULL );

INSERT INTO grade VALUES (281,99,'PA',1,99,NULL );

INSERT INTO grade VALUES (281,99,'QZ',1,90,NULL );

INSERT INTO grade VALUES (281,99,'QZ',2,99,NULL );

INSERT INTO grade VALUES (281,101,'FI',1,76,NULL );

INSERT INTO grade VALUES (281,101,'HM',1,85,NULL );

INSERT INTO grade VALUES (281,101,'HM',2,75,NULL );

INSERT INTO grade VALUES (281,101,'HM',3,75,NULL );

INSERT INTO grade VALUES (281,101,'HM',4,85,NULL );

INSERT INTO grade VALUES (281,101,'MT',1,99,NULL );

INSERT INTO grade VALUES (281,101,'PA',1,92,NULL );

INSERT INTO grade VALUES (281,101,'QZ',1,83,NULL );

INSERT INTO grade VALUES (281,101,'QZ',2,82,NULL );

INSERT INTO grade VALUES (282,99,'FI',1,84,NULL );

INSERT INTO grade VALUES (282,99,'HM',1,83,NULL );

INSERT INTO grade VALUES (282,99,'HM',2,83,NULL );

INSERT INTO grade VALUES (282,99,'HM',3,83,NULL );

INSERT INTO grade VALUES (282,99,'HM',4,73,NULL );

INSERT INTO grade VALUES (282,99,'MT',1,77,NULL );

INSERT INTO grade VALUES (282,99,'PA',1,90,NULL );

INSERT INTO grade VALUES (282,99,'QZ',1,91,NULL );

INSERT INTO grade VALUES (282,99,'QZ',2,90,NULL );

INSERT INTO grade VALUES (282,101,'FI',1,77,NULL );

INSERT INTO grade VALUES (282,101,'HM',1,76,NULL );

INSERT INTO grade VALUES (282,101,'HM',2,76,NULL );

INSERT INTO grade VALUES (282,101,'HM',3,86,NULL );

INSERT INTO grade VALUES (282,101,'HM',4,96,NULL );

INSERT INTO grade VALUES (282,101,'MT',1,90,NULL );

INSERT INTO grade VALUES (282,101,'PA',1,83,NULL );

INSERT INTO grade VALUES (282,101,'QZ',1,84,NULL );

INSERT INTO grade VALUES (282,101,'QZ',2,83,NULL );

INSERT INTO grade VALUES (283,99,'FI',1,85,NULL );

INSERT INTO grade VALUES (283,99,'HM',1,84,NULL );

INSERT INTO grade VALUES (283,99,'HM',2,84,NULL );

INSERT INTO grade VALUES (283,99,'HM',3,74,NULL );

INSERT INTO grade VALUES (283,99,'HM',4,74,NULL );

INSERT INTO grade VALUES (283,99,'MT',1,88,NULL );

INSERT INTO grade VALUES (283,99,'PA',1,91,NULL );

INSERT INTO grade VALUES (283,99,'QZ',1,92,NULL );

INSERT INTO grade VALUES (283,99,'QZ',2,91,NULL );

INSERT INTO grade VALUES (283,101,'FI',1,88,NULL );

INSERT INTO grade VALUES (283,101,'HM',1,77,NULL );

INSERT INTO grade VALUES (283,101,'HM',2,87,NULL );

INSERT INTO grade VALUES (283,101,'HM',3,97,NULL );

INSERT INTO grade VALUES (283,101,'HM',4,97,NULL );

INSERT INTO grade VALUES (283,101,'MT',1,91,NULL );

INSERT INTO grade VALUES (283,101,'PA',1,84,NULL );

INSERT INTO grade VALUES (283,101,'QZ',1,85,NULL );

INSERT INTO grade VALUES (283,101,'QZ',2,84,NULL );

COMMIT;

INSERT INTO grade_conversion VALUES ('A ',4,96,93 );

INSERT INTO grade_conversion VALUES ('A+',4.3,100,97 );

INSERT INTO grade_conversion VALUES ('A-',3.7,92,90 );

INSERT INTO grade_conversion VALUES ('AU',0,1,1 );

INSERT INTO grade_conversion VALUES ('B ',3,86,83 );

INSERT INTO grade_conversion VALUES ('B+',3.3,89,87 );

INSERT INTO grade_conversion VALUES ('B-',2.7,82,80 );

INSERT INTO grade_conversion VALUES ('C ',2,76,73 );

INSERT INTO grade_conversion VALUES ('C+',2.3,79,77 );

INSERT INTO grade_conversion VALUES ('C-',1.7,72,70 );

INSERT INTO grade_conversion VALUES ('D ',1,66,63 );

INSERT INTO grade_conversion VALUES ('D+',1.3,69,67 );

INSERT INTO grade_conversion VALUES ('D-',.7,62,60 );

INSERT INTO grade_conversion VALUES ('F ',0,59,2 );

INSERT INTO grade_conversion VALUES ('IN',0,0,0 );

COMMIT;


INSERT INTO grade_type_weight VALUES (79,'FI',1,25,'N' );

INSERT INTO grade_type_weight VALUES (79,'HM',10,50,'Y' );

INSERT INTO grade_type_weight VALUES (79,'MT',1,25,'N' );

INSERT INTO grade_type_weight VALUES (80,'FI',1,30,'N' );

INSERT INTO grade_type_weight VALUES (80,'HM',4,20,'Y' );

INSERT INTO grade_type_weight VALUES (80,'MT',1,20,'N' );

INSERT INTO grade_type_weight VALUES (80,'PA',1,10,'N' );

INSERT INTO grade_type_weight VALUES (80,'QZ',4,20,'Y' );

INSERT INTO grade_type_weight VALUES (81,'FI',1,30,'N' );

INSERT INTO grade_type_weight VALUES (81,'HM',4,20,'Y' );

INSERT INTO grade_type_weight VALUES (81,'MT',1,20,'N' );

INSERT INTO grade_type_weight VALUES (81,'PA',1,10,'N' );

INSERT INTO grade_type_weight VALUES (81,'QZ',4,20,'Y' );

INSERT INTO grade_type_weight VALUES (82,'PA',12,25,'Y' );

INSERT INTO grade_type_weight VALUES (82,'PJ',1,75,'N' );

INSERT INTO grade_type_weight VALUES (83,'FI',1,60,'N' );

INSERT INTO grade_type_weight VALUES (83,'HM',1,10,'Y');

INSERT INTO grade_type_weight VALUES (83,'MT',1,40,'N' );

INSERT INTO grade_type_weight VALUES (84,'FI',1,60,'N' );

INSERT INTO grade_type_weight VALUES (84,'MT',1,40,'N' );

INSERT INTO grade_type_weight VALUES (85,'FI',1,50,'N' );

INSERT INTO grade_type_weight VALUES (85,'HM',4,10,'Y' );

INSERT INTO grade_type_weight VALUES (85,'MT',1,25,'N' );

INSERT INTO grade_type_weight VALUES (85,'PA',1,5,'N' );

INSERT INTO grade_type_weight VALUES (85,'QZ',2,10,'N' );

INSERT INTO grade_type_weight VALUES (86,'FI',1,30,'N' );

INSERT INTO grade_type_weight VALUES (86,'HM',4,20,'Y' );

INSERT INTO grade_type_weight VALUES (86,'MT',1,20,'N' );

INSERT INTO grade_type_weight VALUES (86,'PA',1,10,'N' );

INSERT INTO grade_type_weight VALUES (86,'QZ',4,20,'Y' );

INSERT INTO grade_type_weight VALUES (87,'FI',1,25,'N' );

INSERT INTO grade_type_weight VALUES (87,'HM',10,50,'Y' );

INSERT INTO grade_type_weight VALUES (87,'MT',1,25,'N' );

INSERT INTO grade_type_weight VALUES (88,'PA',12,25,'Y' );

INSERT INTO grade_type_weight VALUES (88,'PJ',1,75,'N' );

INSERT INTO grade_type_weight VALUES (89,'FI',1,60,'N' );

INSERT INTO grade_type_weight VALUES (89,'MT',1,40,'N' );

INSERT INTO grade_type_weight VALUES (90,'FI',1,60,'N' );

INSERT INTO grade_type_weight VALUES (90,'MT',1,40,'N' );

INSERT INTO grade_type_weight VALUES (91,'FI',1,60,'N' );

INSERT INTO grade_type_weight VALUES (91,'MT',1,40,'N' );

INSERT INTO grade_type_weight VALUES (92,'FI',1,60,'N' );

INSERT INTO grade_type_weight VALUES (92,'MT',1,40,'N' );

INSERT INTO grade_type_weight VALUES (93,'FI',1,60,'N' );

INSERT INTO grade_type_weight VALUES (93,'MT',1,40,'N' );

INSERT INTO grade_type_weight VALUES (94,'FI',1,30,'N' );

INSERT INTO grade_type_weight VALUES (94,'HM',4,20,'Y' );

INSERT INTO grade_type_weight VALUES (94,'MT',1,20,'N' );

INSERT INTO grade_type_weight VALUES (94,'PA',1,10,'N' );

INSERT INTO grade_type_weight VALUES (94,'QZ',4,20,'Y' );

INSERT INTO grade_type_weight VALUES (95,'FI',1,50,'N' );

INSERT INTO grade_type_weight VALUES (95,'HM',4,10,'Y' );

INSERT INTO grade_type_weight VALUES (95,'MT',1,25,'N' );

INSERT INTO grade_type_weight VALUES (95,'PA',1,5,'N' );

INSERT INTO grade_type_weight VALUES (95,'QZ',2,10,'N' );

INSERT INTO grade_type_weight VALUES (96,'FI',1,50,'N' );

INSERT INTO grade_type_weight VALUES (96,'HM',4,10,'Y' );

INSERT INTO grade_type_weight VALUES (96,'MT',1,25,'N' );

INSERT INTO grade_type_weight VALUES (96,'PA',1,5,'N' );

INSERT INTO grade_type_weight VALUES (96,'QZ',2,10,'N' );

INSERT INTO grade_type_weight VALUES (97,'FI',1,50,'N' );

INSERT INTO grade_type_weight VALUES (97,'HM',4,10,'Y' );

INSERT INTO grade_type_weight VALUES (97,'MT',1,25,'N' );

INSERT INTO grade_type_weight VALUES (97,'PA',1,5,'N' );

INSERT INTO grade_type_weight VALUES (97,'QZ',2,10,'N' );

INSERT INTO grade_type_weight VALUES (98,'FI',1,50,'N' );

INSERT INTO grade_type_weight VALUES (98,'HM',4,10,'Y' );

INSERT INTO grade_type_weight VALUES (98,'MT',1,25,'N' );

INSERT INTO grade_type_weight VALUES (98,'PA',1,5,'N' );

INSERT INTO grade_type_weight VALUES (98,'QZ',2,10,'N' );

INSERT INTO grade_type_weight VALUES (99,'FI',1,50,'N' );

INSERT INTO grade_type_weight VALUES (99,'HM',4,10,'Y' );

INSERT INTO grade_type_weight VALUES (99,'MT',1,25,'N' );

INSERT INTO grade_type_weight VALUES (99,'PA',1,5,'N' );

INSERT INTO grade_type_weight VALUES (99,'QZ',2,10,'N' );

INSERT INTO grade_type_weight VALUES (100,'FI',1,30,'N' );

INSERT INTO grade_type_weight VALUES (100,'HM',4,20,'Y' );

INSERT INTO grade_type_weight VALUES (100,'MT',1,20,'N' );

INSERT INTO grade_type_weight VALUES (100,'PA',1,10,'N' );

INSERT INTO grade_type_weight VALUES (100,'QZ',4,20,'Y' );

INSERT INTO grade_type_weight VALUES (101,'FI',1,50,'N' );

INSERT INTO grade_type_weight VALUES (101,'HM',4,10,'Y' );

INSERT INTO grade_type_weight VALUES (101,'MT',1,25,'N' );

INSERT INTO grade_type_weight VALUES (101,'PA',1,5,'N' );

INSERT INTO grade_type_weight VALUES (101,'QZ',2,10,'N' );

INSERT INTO grade_type_weight VALUES (102,'FI',1,30,'N' );

INSERT INTO grade_type_weight VALUES (102,'HM',4,20,'Y' );

INSERT INTO grade_type_weight VALUES (102,'MT',1,20,'N' );

INSERT INTO grade_type_weight VALUES (102,'PA',1,10,'N' );

INSERT INTO grade_type_weight VALUES (102,'QZ',4,20,'Y' );

INSERT INTO grade_type_weight VALUES (103,'FI',1,50,'N' );

INSERT INTO grade_type_weight VALUES (103,'HM',4,10,'Y' );

INSERT INTO grade_type_weight VALUES (103,'MT',1,25,'N' );

INSERT INTO grade_type_weight VALUES (103,'PA',1,5,'N' );

INSERT INTO grade_type_weight VALUES (103,'QZ',2,10,'N' );

INSERT INTO grade_type_weight VALUES (104,'FI',1,50,'N' );

INSERT INTO grade_type_weight VALUES (104,'HM',4,10,'Y' );

INSERT INTO grade_type_weight VALUES (104,'MT',1,25,'N' );

INSERT INTO grade_type_weight VALUES (104,'PA',1,5,'N' );

INSERT INTO grade_type_weight VALUES (104,'QZ',2,10,'N' );

INSERT INTO grade_type_weight VALUES (105,'FI',1,50,'N' );

INSERT INTO grade_type_weight VALUES (105,'HM',4,10,'Y' );

INSERT INTO grade_type_weight VALUES (105,'MT',1,25,'N' );

INSERT INTO grade_type_weight VALUES (105,'PA',1,5,'N' );

INSERT INTO grade_type_weight VALUES (105,'QZ',2,10,'N' );

INSERT INTO grade_type_weight VALUES (106,'FI',1,30,'N' );

INSERT INTO grade_type_weight VALUES (106,'HM',4,20,'Y' );

INSERT INTO grade_type_weight VALUES (106,'MT',1,20,'N' );

INSERT INTO grade_type_weight VALUES (106,'PA',1,10,'N' );

INSERT INTO grade_type_weight VALUES (106,'QZ',4,20,'Y' );

INSERT INTO grade_type_weight VALUES (107,'FI',1,50,'N' );

INSERT INTO grade_type_weight VALUES (107,'HM',4,10,'Y' );

INSERT INTO grade_type_weight VALUES (107,'MT',1,25,'N' );

INSERT INTO grade_type_weight VALUES (107,'PA',1,5,'N' );

INSERT INTO grade_type_weight VALUES (107,'QZ',2,10,'N' );

INSERT INTO grade_type_weight VALUES (108,'FI',1,50,'N' );

INSERT INTO grade_type_weight VALUES (108,'HM',4,10,'Y' );

INSERT INTO grade_type_weight VALUES (108,'MT',1,25,'N' );

INSERT INTO grade_type_weight VALUES (108,'PA',1,5,'N' );

INSERT INTO grade_type_weight VALUES (108,'QZ',2,10,'N' );

INSERT INTO grade_type_weight VALUES (109,'FI',1,50,'N' );

INSERT INTO grade_type_weight VALUES (109,'HM',4,10,'Y' );

INSERT INTO grade_type_weight VALUES (109,'MT',1,25,'N' );

INSERT INTO grade_type_weight VALUES (109,'PA',1,5,'N' );

INSERT INTO grade_type_weight VALUES (109,'QZ',2,10,'N' );

INSERT INTO grade_type_weight VALUES (110,'FI',1,30,'N' );

INSERT INTO grade_type_weight VALUES (110,'HM',4,20,'Y' );

INSERT INTO grade_type_weight VALUES (110,'MT',1,20,'N' );

INSERT INTO grade_type_weight VALUES (110,'PA',1,10,'N' );

INSERT INTO grade_type_weight VALUES (110,'QZ',4,20,'Y' );

INSERT INTO grade_type_weight VALUES (111,'FI',1,25,'N' );

INSERT INTO grade_type_weight VALUES (111,'HM',10,50,'Y' );

INSERT INTO grade_type_weight VALUES (111,'MT',1,25,'N' );

INSERT INTO grade_type_weight VALUES (112,'FI',1,50,'N' );

INSERT INTO grade_type_weight VALUES (112,'HM',4,10,'Y' );

INSERT INTO grade_type_weight VALUES (112,'MT',1,25,'N' );

INSERT INTO grade_type_weight VALUES (112,'PA',1,5,'N' );

INSERT INTO grade_type_weight VALUES (112,'QZ',2,10,'N' );

INSERT INTO grade_type_weight VALUES (113,'FI',1,30,'N' );

INSERT INTO grade_type_weight VALUES (113,'HM',4,20,'Y' );

INSERT INTO grade_type_weight VALUES (113,'MT',1,20,'N' );

INSERT INTO grade_type_weight VALUES (113,'PA',1,10,'N' );

INSERT INTO grade_type_weight VALUES (113,'QZ',4,20,'Y' );

INSERT INTO grade_type_weight VALUES (114,'FI',1,25,'N' );

INSERT INTO grade_type_weight VALUES (114,'HM',10,50,'Y' );

INSERT INTO grade_type_weight VALUES (114,'MT',1,25,'N' );

INSERT INTO grade_type_weight VALUES (115,'PA',12,25,'Y' );

INSERT INTO grade_type_weight VALUES (115,'PJ',1,75,'N' );

INSERT INTO grade_type_weight VALUES (116,'FI',1,50,'N' );

INSERT INTO grade_type_weight VALUES (116,'HM',4,10,'Y' );

INSERT INTO grade_type_weight VALUES (116,'MT',1,25,'N' );

INSERT INTO grade_type_weight VALUES (116,'PA',1,5,'N' );

INSERT INTO grade_type_weight VALUES (116,'QZ',2,10,'N' );

INSERT INTO grade_type_weight VALUES (117,'FI',1,30,'N' );

INSERT INTO grade_type_weight VALUES (117,'HM',4,20,'Y' );

INSERT INTO grade_type_weight VALUES (117,'MT',1,20,'N' );

INSERT INTO grade_type_weight VALUES (117,'PA',1,10,'N' );

INSERT INTO grade_type_weight VALUES (117,'QZ',4,20,'Y' );

INSERT INTO grade_type_weight VALUES (118,'FI',1,25,'N' );

INSERT INTO grade_type_weight VALUES (118,'HM',10,50,'Y' );

INSERT INTO grade_type_weight VALUES (118,'MT',1,25,'N' );

INSERT INTO grade_type_weight VALUES (119,'FI',1,50,'N' );

INSERT INTO grade_type_weight VALUES (119,'HM',4,10,'Y' );

INSERT INTO grade_type_weight VALUES (119,'MT',1,25,'N' );

INSERT INTO grade_type_weight VALUES (119,'PA',1,5,'N' );

INSERT INTO grade_type_weight VALUES (119,'QZ',2,10,'N' );

INSERT INTO grade_type_weight VALUES (120,'FI',1,30,'N' );

INSERT INTO grade_type_weight VALUES (120,'HM',4,20,'Y' );

INSERT INTO grade_type_weight VALUES (120,'MT',1,20,'N' );

INSERT INTO grade_type_weight VALUES (120,'PA',1,10,'N' );

INSERT INTO grade_type_weight VALUES (120,'QZ',4,20,'Y' );

INSERT INTO grade_type_weight VALUES (121,'FI',1,25,'N' );

INSERT INTO grade_type_weight VALUES (121,'HM',10,50,'Y' );

INSERT INTO grade_type_weight VALUES (121,'MT',1,25,'N' );

INSERT INTO grade_type_weight VALUES (122,'FI',1,30,'N' );

INSERT INTO grade_type_weight VALUES (122,'HM',4,20,'Y' );

INSERT INTO grade_type_weight VALUES (122,'MT',1,20,'N' );

INSERT INTO grade_type_weight VALUES (122,'PA',1,10,'N' );

INSERT INTO grade_type_weight VALUES (122,'QZ',4,20,'Y' );

INSERT INTO grade_type_weight VALUES (123,'FI',1,50,'N' );

INSERT INTO grade_type_weight VALUES (123,'HM',4,10,'Y' );

INSERT INTO grade_type_weight VALUES (123,'MT',1,25,'N' );

INSERT INTO grade_type_weight VALUES (123,'PA',1,5,'N' );

INSERT INTO grade_type_weight VALUES (123,'QZ',2,10,'N' );

INSERT INTO grade_type_weight VALUES (124,'FI',1,25,'N' );

INSERT INTO grade_type_weight VALUES (124,'HM',10,50,'Y' );

INSERT INTO grade_type_weight VALUES (124,'MT',1,25,'N' );

INSERT INTO grade_type_weight VALUES (125,'FI',1,50,'N' );

INSERT INTO grade_type_weight VALUES (125,'HM',4,10,'Y' );

INSERT INTO grade_type_weight VALUES (125,'MT',1,25,'N' );

INSERT INTO grade_type_weight VALUES (125,'PA',1,5,'N' );

INSERT INTO grade_type_weight VALUES (125,'QZ',2,10,'N' );

INSERT INTO grade_type_weight VALUES (126,'FI',1,50,'N' );

INSERT INTO grade_type_weight VALUES (126,'HM',4,10,'Y' );

INSERT INTO grade_type_weight VALUES (126,'MT',1,25,'N' );

INSERT INTO grade_type_weight VALUES (126,'PA',1,5,'N' );

INSERT INTO grade_type_weight VALUES (126,'QZ',2,10,'N' );

INSERT INTO grade_type_weight VALUES (127,'FI',1,30,'N' );

INSERT INTO grade_type_weight VALUES (127,'HM',4,20,'Y' );

INSERT INTO grade_type_weight VALUES (127,'MT',1,20,'N' );

INSERT INTO grade_type_weight VALUES (127,'PA',1,10,'N' );

INSERT INTO grade_type_weight VALUES (127,'QZ',4,20,'Y' );

INSERT INTO grade_type_weight VALUES (128,'FI',1,25,'N' );

INSERT INTO grade_type_weight VALUES (128,'HM',10,50,'Y' );

INSERT INTO grade_type_weight VALUES (128,'MT',1,25,'N' );

INSERT INTO grade_type_weight VALUES (129,'PA',12,25,'Y' );

INSERT INTO grade_type_weight VALUES (129,'PJ',1,75,'N' );

INSERT INTO grade_type_weight VALUES (130,'FI',1,50,'N' );

INSERT INTO grade_type_weight VALUES (130,'HM',4,10,'Y' );

INSERT INTO grade_type_weight VALUES (130,'MT',1,25,'N' );

INSERT INTO grade_type_weight VALUES (130,'PA',1,5,'N' );

INSERT INTO grade_type_weight VALUES (130,'QZ',2,10,'N' );

INSERT INTO grade_type_weight VALUES (131,'FI',1,30,'N' );

INSERT INTO grade_type_weight VALUES (131,'HM',4,20,'Y' );

INSERT INTO grade_type_weight VALUES (131,'MT',1,20,'N' );

INSERT INTO grade_type_weight VALUES (131,'PA',1,10,'N' );

INSERT INTO grade_type_weight VALUES (131,'QZ',4,20,'Y' );

INSERT INTO grade_type_weight VALUES (132,'FI',1,25,'N' );

INSERT INTO grade_type_weight VALUES (132,'HM',10,50,'Y' );

INSERT INTO grade_type_weight VALUES (132,'MT',1,25,'N' );

INSERT INTO grade_type_weight VALUES (133,'PA',12,25,'Y' );

INSERT INTO grade_type_weight VALUES (133,'PJ',1,75,'N' );

INSERT INTO grade_type_weight VALUES (134,'FI',1,60,'N' );

INSERT INTO grade_type_weight VALUES (134,'MT',1,40,'N' );

INSERT INTO grade_type_weight VALUES (135,'FI',1,30,'N' );

INSERT INTO grade_type_weight VALUES (135,'HM',4,20,'Y' );

INSERT INTO grade_type_weight VALUES (135,'MT',1,20,'N' );

INSERT INTO grade_type_weight VALUES (135,'PA',1,10,'N' );

INSERT INTO grade_type_weight VALUES (135,'QZ',4,20,'Y' );

INSERT INTO grade_type_weight VALUES (136,'FI',1,25,'N' );

INSERT INTO grade_type_weight VALUES (136,'HM',10,50,'Y' );

INSERT INTO grade_type_weight VALUES (136,'MT',1,25,'N' );

INSERT INTO grade_type_weight VALUES (137,'PA',12,25,'Y' );

INSERT INTO grade_type_weight VALUES (137,'PJ',1,75,'N' );

INSERT INTO grade_type_weight VALUES (138,'FI',1,50,'N' );

INSERT INTO grade_type_weight VALUES (138,'HM',4,10,'Y' );

INSERT INTO grade_type_weight VALUES (138,'MT',1,25,'N' );

INSERT INTO grade_type_weight VALUES (138,'PA',1,5,'N' );

INSERT INTO grade_type_weight VALUES (138,'QZ',2,10,'N' );

INSERT INTO grade_type_weight VALUES (139,'FI',1,25,'N' );

INSERT INTO grade_type_weight VALUES (139,'HM',10,50,'Y' );

INSERT INTO grade_type_weight VALUES (139,'MT',1,25,'N' );

INSERT INTO grade_type_weight VALUES (140,'FI',1,50,'N' );

INSERT INTO grade_type_weight VALUES (140,'HM',4,10,'Y' );

INSERT INTO grade_type_weight VALUES (140,'MT',1,25,'N' );

INSERT INTO grade_type_weight VALUES (140,'PA',1,5,'N' );

INSERT INTO grade_type_weight VALUES (140,'QZ',2,10,'N' );

INSERT INTO grade_type_weight VALUES (141,'FI',1,50,'N' );

INSERT INTO grade_type_weight VALUES (141,'HM',4,10,'Y' );

INSERT INTO grade_type_weight VALUES (141,'MT',1,25,'N' );

INSERT INTO grade_type_weight VALUES (141,'PA',1,5,'N' );

INSERT INTO grade_type_weight VALUES (141,'QZ',2,10,'N' );

INSERT INTO grade_type_weight VALUES (142,'FI',1,30,'N' );

INSERT INTO grade_type_weight VALUES (142,'HM',4,20,'Y' );

INSERT INTO grade_type_weight VALUES (142,'MT',1,20,'N' );

INSERT INTO grade_type_weight VALUES (142,'PA',1,10,'N' );

INSERT INTO grade_type_weight VALUES (142,'QZ',4,20,'Y' );

INSERT INTO grade_type_weight VALUES (143,'FI',1,25,'N' );

INSERT INTO grade_type_weight VALUES (143,'HM',10,50,'Y' );

INSERT INTO grade_type_weight VALUES (143,'MT',1,25,'N' );

INSERT INTO grade_type_weight VALUES (144,'PA',12,25,'Y' );

INSERT INTO grade_type_weight VALUES (144,'PJ',1,75,'N' );

INSERT INTO grade_type_weight VALUES (145,'FI',1,60,'N' );

INSERT INTO grade_type_weight VALUES (145,'MT',1,40,'N' );

INSERT INTO grade_type_weight VALUES (146,'FI',1,50,'N' );

INSERT INTO grade_type_weight VALUES (146,'HM',4,10,'Y' );

INSERT INTO grade_type_weight VALUES (146,'MT',1,25,'N' );

INSERT INTO grade_type_weight VALUES (146,'PA',1,5,'N' );

INSERT INTO grade_type_weight VALUES (146,'QZ',2,10,'N' );

INSERT INTO grade_type_weight VALUES (147,'FI',1,30,'N' );

INSERT INTO grade_type_weight VALUES (147,'HM',4,20,'Y' );

INSERT INTO grade_type_weight VALUES (147,'MT',1,20,'N' );

INSERT INTO grade_type_weight VALUES (147,'PA',1,10,'N' );

INSERT INTO grade_type_weight VALUES (147,'QZ',4,20,'Y' );

INSERT INTO grade_type_weight VALUES (148,'FI',1,25,'N' );

INSERT INTO grade_type_weight VALUES (148,'HM',10,50,'Y' );

INSERT INTO grade_type_weight VALUES (148,'MT',1,25,'N' );

INSERT INTO grade_type_weight VALUES (149,'PA',12,25,'Y' );

INSERT INTO grade_type_weight VALUES (149,'PJ',1,75,'N' );

INSERT INTO grade_type_weight VALUES (150,'FI',1,60,'N' );

INSERT INTO grade_type_weight VALUES (150,'MT',1,40,'N' );

INSERT INTO grade_type_weight VALUES (151,'FI',1,60,'N' );

INSERT INTO grade_type_weight VALUES (151,'MT',1,40,'N' );

INSERT INTO grade_type_weight VALUES (152,'FI',1,50,'N' );

INSERT INTO grade_type_weight VALUES (152,'HM',4,10,'Y' );

INSERT INTO grade_type_weight VALUES (152,'MT',1,25,'N' );

INSERT INTO grade_type_weight VALUES (152,'PA',1,5,'N' );

INSERT INTO grade_type_weight VALUES (152,'QZ',2,10,'N' );

INSERT INTO grade_type_weight VALUES (153,'FI',1,30,'N' );

INSERT INTO grade_type_weight VALUES (153,'HM',4,20,'Y' );

INSERT INTO grade_type_weight VALUES (153,'MT',1,20,'N' );

INSERT INTO grade_type_weight VALUES (153,'PA',1,10,'N' );

INSERT INTO grade_type_weight VALUES (153,'QZ',4,20,'Y' );

INSERT INTO grade_type_weight VALUES (154,'FI',1,25,'N' );

INSERT INTO grade_type_weight VALUES (154,'HM',10,50,'Y' );

INSERT INTO grade_type_weight VALUES (154,'MT',1,25,'N' );

INSERT INTO grade_type_weight VALUES (155,'PA',12,25,'Y' );

INSERT INTO grade_type_weight VALUES (155,'PJ',1,75,'N' );

INSERT INTO grade_type_weight VALUES (156,'FI',1,60,'N' );

INSERT INTO grade_type_weight VALUES (156,'MT',1,40,'N' );

COMMIT;


--- This is created by AA. Create one record in the GRADE table per student, per section with a final code FF


create table grade_sum_1 as 
    select g.student_id, g.section_id, g.grade_type_code, gw.percent_of_final_grade,  
avg(g.numeric_grade)*percent_of_final_grade/100 AS SUM_GRADE 
from grade g, grade_type_weight gw 
where g.section_id=gw.section_id and g.grade_type_code=gw.grade_type_code 
group by g.student_id, g.section_id, g.grade_type_code, gw.percent_of_final_grade;

insert into grade (student_id, section_id, grade_type_code, grade_code_occurrence,numeric_grade, comments)     
select student_id, section_id, 'FF', '1', sum(sum_grade), null 
from grade_sum_1  
group by student_id, section_id; 

insert into grade_type_weight (section_id, grade_type_code, int_per_section, percent_of_final_grade, drop_lowest)
select distinct section_id, grade_type_code, 1, 100, 'N' 
from grade where grade_type_code = 'FF';

-----


INSERT INTO instructor VALUES (101,'111223333', 'Mr','Fernand','Hanks','100 East 87th','10015','2125551212');

INSERT INTO instructor VALUES (102, '222334444', 'Mr','Tom','Wojick','518 West 120th','10025','2125551212');

INSERT INTO instructor VALUES (103,'333445555', 'Ms','Nina','Schorin','210 West 101st','10025','2125551212');

INSERT INTO instructor VALUES (104, '444556666','Mr','Gary','Pertez','34 Sixth Ave','10035','2125551212');

INSERT INTO instructor VALUES (105, '555667777','Ms','Anita','Morris','34 Maiden Lane','10015','2125551212');

INSERT INTO instructor VALUES (106, '666778888','Rev','Todd','Smythe','210 West 101st','10025','2125551212');

INSERT INTO instructor VALUES (107, '777889999', 'Dr','Marilyn','Frantzen','254 Bleeker','10005','2125551212');

INSERT INTO instructor VALUES (108, '888990000', 'Mr','Charles','Lowry','518 West 120th','10025','2125551212');

INSERT INTO instructor VALUES (109, '999001111', 'Hon','Rick','Chow','56 10th Avenue','10015','2125551212');

INSERT INTO instructor VALUES (110, '000112222', 'Ms','Irene','Willig','415 West 101st',NULL,'2125551212');

INSERT INTO instructor VALUES (111, '999887777', 'Mr', 'Jacob', 'Holt', '1726 8th St Dr NE', '28235', '8284096706');
COMMIT;

INSERT INTO section VALUES (79,350,3,'2015-04-14','L509',107,25);

INSERT INTO section VALUES (80,10,2,'2015-04-24','L214',102,15);

INSERT INTO section VALUES (81,20,2,'2015-07-24','L210',103,15);

INSERT INTO section VALUES (82,20,4,'2015-05-03','L214',104,15);

INSERT INTO section VALUES (83,20,7,'2015-06-11','L509',105,25);

INSERT INTO section VALUES (84,20,8,'2015-06-11','L210',106,25);

INSERT INTO section VALUES (85,25,1,'2015-07-14','M311',107,25);

INSERT INTO section VALUES (86,25,2,'2015-06-10','L210',108,15);

INSERT INTO section VALUES (87,25,3,'2015-04-14','L507',101,25);

INSERT INTO section VALUES (88,25,4,'2015-05-04','L214',102,15);

INSERT INTO section VALUES (89,25,5,'2015-05-15','L509',103,25);

INSERT INTO section VALUES (90,25,6,'2015-06-12','L509',104,25);

INSERT INTO section VALUES (91,25,7,'2015-06-12','L210',105,25);

INSERT INTO section VALUES (92,25,8,'2015-06-13','L509',106,25);

INSERT INTO section VALUES (93,25,9,'2015-06-13','L507',107,25);

INSERT INTO section VALUES (94,146,2,'2015-07-24','L507',102,15);

INSERT INTO section VALUES (95,147,1,'2015-04-14','L509',103,25);

INSERT INTO section VALUES (96,204,1,'2015-04-14','L210',104,25);

INSERT INTO section VALUES (97,210,1,'2015-05-07','L507',105,25);

INSERT INTO section VALUES (98,220,1,'2015-04-15','L509',106,25);

INSERT INTO section VALUES (99,230,1,'2015-05-07','L500',107,12);

INSERT INTO section VALUES (100,230,2,'2015-06-09','L214',108,15);

INSERT INTO section VALUES (101,240,1,'2015-04-16','L509',101,10);

INSERT INTO section VALUES (102,240,2,'2015-05-24','L214',102,15);

INSERT INTO section VALUES (103,310,1,'2015-04-29','L507',103,25);

INSERT INTO section VALUES (104,330,1,'2015-07-14','L511',104,25);

INSERT INTO section VALUES (105,350,1,'2015-05-09','L509',105,25);

INSERT INTO section VALUES (106,350,2,'2015-06-03','L214',106,15);

INSERT INTO section VALUES (107,130,1,'2015-07-14','L507',103,25);

INSERT INTO section VALUES (108,420,1,'2015-05-07','M311',108,25);

INSERT INTO section VALUES (109,450,1,'2015-04-14','L507',101,25);

INSERT INTO section VALUES (110,134,2,'2015-06-10','L509',102,15);

INSERT INTO section VALUES (111,134,3,'2015-04-08','L509',103,25);

INSERT INTO section VALUES (112,135,1,'2015-05-16','L509',104,25);

INSERT INTO section VALUES (113,135,2,'2015-06-02','L214',105,15);

INSERT INTO section VALUES (114,135,3,'2015-04-15','L509',106,25);

INSERT INTO section VALUES (115,135,4,'2015-05-07','M200',107,15);

INSERT INTO section VALUES (116,140,1,'2015-07-14','L509',108,25);

INSERT INTO section VALUES (117,140,2,'2015-06-02','L210',101,15);

INSERT INTO section VALUES (118,140,3,'2015-05-09','L507',102,25);

INSERT INTO section VALUES (119,142,1,'2015-07-14','L211',103,25);

INSERT INTO section VALUES (120,142,2,'2015-06-10','L214',104,15);

INSERT INTO section VALUES (121,142,3,'2015-04-09','L507',105,25);

INSERT INTO section VALUES (122,144,2,'2015-04-15','L214',106,15);

INSERT INTO section VALUES (123,145,1,'2015-07-14','L214',107,25);

INSERT INTO section VALUES (124,145,3,'2015-05-09','L210',108,25);

INSERT INTO section VALUES (125,146,1,'2015-04-29','L509',101,25);

INSERT INTO section VALUES (126,124,1,'2015-07-14','M500',102,25);

INSERT INTO section VALUES (127,124,2,'2015-07-24','H310',103,15);

INSERT INTO section VALUES (128,124,3,'2015-04-09','L214',104,25);

INSERT INTO section VALUES (129,124,4,'2015-05-07','L210',105,15);

INSERT INTO section VALUES (130,125,1,'2015-05-22','L509',106,25);

INSERT INTO section VALUES (131,125,2,'2015-07-24','L509',107,15);

INSERT INTO section VALUES (132,125,3,'2015-04-09','L214',108,25);

INSERT INTO section VALUES (133,125,4,'2015-05-03','L211',101,15);

INSERT INTO section VALUES (134,125,6,'2015-06-11','L507',102,25);

INSERT INTO section VALUES (135,130,2,'2015-04-15','L214',104,15);

INSERT INTO section VALUES (136,130,3,'2015-04-24','L509',105,25);

INSERT INTO section VALUES (137,130,4,'2015-05-03','L509',106,15);

INSERT INTO section VALUES (138,132,1,'2015-05-21','L509',107,25);

INSERT INTO section VALUES (139,132,3,'2015-06-09','L509',108,25);

INSERT INTO section VALUES (140,134,1,'2015-04-16','L509',101,25);

INSERT INTO section VALUES (141,100,1,'2015-04-14','L214',102,25);

INSERT INTO section VALUES (142,100,2,'2015-07-24','L500',103,15);

INSERT INTO section VALUES (143,100,3,'2015-06-03','L509',104,25);

INSERT INTO section VALUES (144,100,4,'2015-05-04','L507',105,15);

INSERT INTO section VALUES (145,100,5,'2015-05-15','L214',106,25);

INSERT INTO section VALUES (146,120,1,'2015-05-16','L507',107,25);

INSERT INTO section VALUES (147,120,2,'2015-07-24','L206',108,15);

INSERT INTO section VALUES (148,120,3,'2015-05-24','L509',101,25);

INSERT INTO section VALUES (149,120,4,'2015-05-04','L509',102,15);

INSERT INTO section VALUES (150,120,5,'2015-05-15','L210',103,25);

INSERT INTO section VALUES (151,120,7,'2015-06-12','L507',104,25 );

INSERT INTO section VALUES (152,122,1,'2015-04-29','M311',105,25 );

INSERT INTO section VALUES (153,122,2,'2015-07-24','L211',106,15 );

INSERT INTO section VALUES (154,122,3,'2015-05-21','L507',107,25 );

INSERT INTO section VALUES (155,122,4,'2015-05-04','L210',108,15);

INSERT INTO section VALUES (156,122,5,'2015-05-15','L507',101,25);

COMMIT;

/*----- This is the student that class will update in the project. */

INSERT INTO student VALUES (101,'Dr.','Jacob','Holt','131 Main St.','28235','7043306685','Central Piedmont C.C.', date(NOW()));

INSERT INTO student VALUES (102,'Mr.','Fred','Crocitto','101-09 120th St.','11419','7185555555','Albert Hildegard Co.','2003-01-23' );

INSERT INTO student VALUES (103,'Ms.','J.','Landry','7435 Boulevard East #45','07047','2015555555','Albert Hildegard Co.','2003-01-23' );

INSERT INTO student VALUES (104,'Ms.','Laetia','Enison','144-61 87th Ave','11435','7185555555','Albert Hildegard Co.','2003-01-23' );

INSERT INTO student VALUES (105,'Mr.','Angel','Moskowitz','320 John St.','07024','2015555555','Alex. & Alexander','2003-01-23' );

INSERT INTO student VALUES (106,'Ms.','Judith','Olvsade','29 Elmwood Ave.','07042','2015555555','Allied Corp.','2003-01-23' );

INSERT INTO student VALUES (107,'Ms.','Catherine','Mierzwa','22-70 41st St.','11105','7185555555','Amer.Contract Desgn.','2003-01-23' );

INSERT INTO student VALUES (108,'Ms.','Judy','Sethi','Stratton Hall','02155','6175555555','Amer.Contract Desgn.','2003-01-23' );

INSERT INTO student VALUES (109,'Mr.','Larry','Walter','38 Bay 26th ST. #2A','11214','7185555555','Amer.Health Found.','2003-01-23' );

INSERT INTO student VALUES (110,'Ms.','Maria','Martin','1674 Woodbine St.','11385','7185555555','The Stock Exchange','2003-01-25' );

INSERT INTO student VALUES (111,'Ms.','Peggy','Noviello','155 Union Ave #211','07070',NULL,'The Stock Exchange','2003-01-25' );

INSERT INTO student VALUES (112,'Mr.','Thomas','Thomas','501 W Elm St.','07036','2015555555','The Stock Exchange','2003-01-25' );

INSERT INTO student VALUES (113,'Mr.','Anil','Kulina','43-44 Kissena Blvd. #155','11355','7185555555','ARFBO','2003-01-25' );

INSERT INTO student VALUES (114,'Ms.','Winsome','Laporte','268 E. 3rd St','11226','7185555555','ARFBO','2003-01-25' );

INSERT INTO student VALUES (117,'Mr.','N','Kuehn','44-25 59th St.','11377','7185555555','Beauty Products','2003-01-25' );

INSERT INTO student VALUES (118,'Ms.','Hiedi','Lopez','168 Rowayton Ave','06853','2035555555','Banque de Paris','2003-01-25' );

INSERT INTO student VALUES (119,'Mr.','Mardig','Abdou','160-04 32nd Ave.','11358','7185555555','Raymond Capital','2003-01-25' );

INSERT INTO student VALUES (120,'Mr.','Ralph','Alexander','2054 73rd St','11214','7185555555','Raymond Capital','2003-01-27' );

INSERT INTO student VALUES (121,'Ms.','Sean','Pineda','3 Salem Rd.','10956','2125555555','Burke & Co.','2003-01-27' );

INSERT INTO student VALUES (122,'Ms.','Julita','Lippen','51-76 Van Kleeck St.','11373','7185555555','Burke & Co.','2003-01-27' );

INSERT INTO student VALUES (123,'Mr.','Pierre','Radicola','322 Atkins Ave.','11208','7185555555','Burke & Co.','2003-01-27' );

INSERT INTO student VALUES (124,'Mr.','Daniel','Wicelinski','27 Brookdale Gdns.','07003','2015555555','Burke & Co.','2003-01-27' );

INSERT INTO student VALUES (127,'Mr.','Gary','Aung','135-32 Louis Blvd','11413','7185555555','New York Pop','2003-01-27' );

INSERT INTO student VALUES (128,'Mr.','Jeff','Runyan','109-15 Queens Blvd.','11375','7185555555','New York Pop','2003-01-27' );

INSERT INTO student VALUES (129,'Mr.','Omaira','Grant','1065 Vermont St. 7F.','11207','7185555555','New York Pop','2003-01-27' );

INSERT INTO student VALUES (130,'Ms.','Lula','Oates','11A Emory St.','07304','2015555555','New York Pop','2003-01-27' );

INSERT INTO student VALUES (133,'Mr.','James','Reed','109-62 196th St','11412','7185555555','New York Pop','2003-01-27' );

INSERT INTO student VALUES (134,'Ms.','Angela','Torres','509 2nd St #4L','11215','7185555555','New York Pop','2003-01-27' );

INSERT INTO student VALUES (135,'Ms.','Michelle','Masser','379 Ovington Ave','11209','7185555555','New York Pop','2003-01-27' );

INSERT INTO student VALUES (136,'Ms.','Hazel','Lasseter','9720 57th Ave #10G','11368','7185555555','DUCCA','2003-01-27' );

INSERT INTO student VALUES (137,'Mr.','James','Miller','9830 57th Ave #3E','11368','7185555555','DUCCA','2003-01-27' );

INSERT INTO student VALUES (138,'Mr.','John','Smith','45 Plaza St. West #2D','11217','7185555555','Hanon USA, Inc.','2003-01-27' );

INSERT INTO student VALUES (139,'Mr.','Angelo','Garshman','82 Western Ave.','07307','2015555555','Chase.Young NY Inc','2003-01-27' );

INSERT INTO student VALUES (140,'Mr.','Derrick','Baltazar','9111 Church Ave. #3N','11236','7185555555','Chase Young NY Inc','2003-01-30' );

INSERT INTO student VALUES (141,'Mr.','Robert','Boyd','96-04 57th Ave #12A','11368','7185555555','Chicago Pneumat.Tool','2003-01-30' );

INSERT INTO student VALUES (142,'Ms.','Monica','Waldman','257 Depot Rd.','11766','7185555555','Hallowhill Center','2003-01-30' );

INSERT INTO student VALUES (143,'Mr.','Gerard','Biers','205 19th St.','11232','7185555555','Civil Court','2003-01-30' );

INSERT INTO student VALUES (144,'Mr.','David','Essner','96 E. Ave.','06851','2035555555','Medical Presbyterian Hospital','2003-01-30' );

INSERT INTO student VALUES (145,'Mr.','Paul','Lefkowitz','2 World Trade Cnt. 18','10048','2125555555','Gleeson Law School','2003-01-30' );

INSERT INTO student VALUES (146,'Mr.','Joseph','German','19 75th St.','07047','2015555555','Anna Soehner','2003-01-30' );

INSERT INTO student VALUES (147,'Ms.','Judy','Cahouet','6406 10th Ave','11219','7185555555','Competrol Real Estate','2003-01-30' );

INSERT INTO student VALUES (148,'Mr.','D.','Orent','117 Knapp Ave.','07011','2015555555','Competrol Real Estate','2003-01-30' );

INSERT INTO student VALUES (149,'Ms.','Judith','Prochaska','49 Martindale Rd','07078','2015555555','Competrol Real Estate','2003-01-30' );

INSERT INTO student VALUES (150,'Ms.','Regina','Gates','29 Cygnet Dr.','11787','7185555555','Coney I.Med. Group','2003-01-30' );

INSERT INTO student VALUES (151,'Ms.','Arlyne','Sheppard','33-54 28th St #2C','11106','7185555555','Contnl Resources','2003-01-30' );

INSERT INTO student VALUES (152,'Mr.','Thomas','Edwards','501 W. Elm','07036','2015555555','Contnl Resources','2003-01-30' );

INSERT INTO student VALUES (153,'Ms.','Mrudula','Philpotts','86-16 60 Ave. #6L','11373','7185555555','Crow Construction','2003-01-30' );

INSERT INTO student VALUES (154,'Ms.','Dawn','Dennis','26 Indian Field Rd.','06830','2035555555','Cusack & Stiles','2003-01-30' );

INSERT INTO student VALUES (156,'Mr.','Scott','Grant','8402 14th Ave.','11224','7185555555','Naiwa Securities','2003-01-30' );

INSERT INTO student VALUES (157,'Ms.','Shirley','Jameson','101 Daniel St.','07008','2015555555','Christa Publishing','2003-01-30' );

INSERT INTO student VALUES (158,'Mr.','Roy','Limate','5 Horizon Rd.','07024','2015555555','Documt.Mgmt.Group','2003-01-30' );

INSERT INTO student VALUES (159,'Mr.','Thomas','Edwards','45 Maplewood Ave.','07040','2015555555','Kodiak Island','2003-01-30' );

INSERT INTO student VALUES (160,'Mr.','John T.','Beitler','100 Plaza Dr, ITT CSI Emp. Dpt','07096','2015555555','Asylum Publishing','2003-02-02' );

INSERT INTO student VALUES (161,'Ms.','Eilene','Grant','245 Henry St. #2I','11201','7185555555','Worldwide Delivery','2003-02-02' );

INSERT INTO student VALUES (162,'Ms.','Genny','Andrew','5 Sylvan Ln.','06870','2035555555','Miro Life Insurance','2003-02-02' );

INSERT INTO student VALUES (163,'Ms.','Nicole','Gillen','4301 N Ocean #103','10025','9045555555','Oil of America Corp.','2003-02-02' );

INSERT INTO student VALUES (164,'Ms.','Sylvia','Perrin','716a Union St.','11215','7185555555','Baxxon Corp.','2003-02-02' );

INSERT INTO student VALUES (165,'Mr.','Peter','Daly','1219 Ave Y','11235','7185555555','Foster Wheeler','2003-02-02' );

INSERT INTO student VALUES (166,'Ms.','May','Jodoin','162-01 78 th Ave','11366','7185555555','Gaum, Inc.','2003-02-02' );

INSERT INTO student VALUES (167,'Mr.','Jim','Joas','53-33 192nd St.','11365','7185555555','Gaum, Inc.','2003-02-02' );

INSERT INTO student VALUES (168,'Ms.','Sally','Naso','812 79th St.','07047','2015555555','Motors National','2003-02-02' );

INSERT INTO student VALUES (169,'Mr.','Frantz','McLean','23-08 Newtown Ave.','11102','7185555555','Guenther Soehner','2003-02-02' );

INSERT INTO student VALUES (170,'Ms.','P.','Balterzar','30 Carriage Rd.','11576','7185555555','Parton Corp.','2003-02-02' );

INSERT INTO student VALUES (171,'Ms.','Denise','Brownstein','104-36 196th St.','11412','7185555555','Nearst Corp.','2003-02-02' );

INSERT INTO student VALUES (172,'Ms.','Maria','Arias','Box 216','11426','7185555555','Lising Corp.','2003-02-02' );

INSERT INTO student VALUES (173,'Mr.','Oscar','McGill','578 E 40th ST.','11218','7185555555','Nearst Corp.','2003-02-02' );

INSERT INTO student VALUES (174,'Mr.','Michael','Brown','265 Hawthorne St #2D','11225','7185555555','Nearst Corp.','2003-02-02' );

INSERT INTO student VALUES (175,'Ms.','Debra','Boyce','294 East 98 St.','11212','7185555555','Hoare Govett, Inc.','2003-02-02' );

INSERT INTO student VALUES (176,'Ms.','Beth','Satterfield','140 Amity St','11201','7185555555','Hosp. Jt. Diseases','2003-02-02' );

INSERT INTO student VALUES (178,'Mr.','Ricardo','Kurtz','31-21 30th St.','11106','7185555555','Electronic Engineers','2003-02-02' );

INSERT INTO student VALUES (179,'Mr.','Simon','Ramesh','92-14 51st Ave','11373','7185555555','Electronic Engineers','2003-02-02' );

INSERT INTO student VALUES (180,'Mr.','E.A.','Torres','1495 Union','11213','7185555555','Electronic Engineers','2003-02-03' );

INSERT INTO student VALUES (181,'Mr.','Anthony','Bullock','53 Pauklie St.','11206','7185555555','Electronic Engineers','2003-02-03' );

INSERT INTO student VALUES (182,'Mr.','Jeffrey','Delbrun','PO Box 1091','07024','2015555555','Electronic Engineers','2003-02-03' );

INSERT INTO student VALUES (184,'Ms.','Salewa','Zuckerberg','1614 64th St.','11204','7185555555','Electronic Engineers','2003-02-03' );

INSERT INTO student VALUES (185,'Mr.','Dennis','Mehta','371 Monmouth St.','07302','2015555555','Electronic Engineers','2003-02-03' );

INSERT INTO student VALUES (186,'Ms.','Christine','Sheppard','16 Seymour St.','07042','2015555555','Electronic Engineers','2003-02-03' );

INSERT INTO student VALUES (187,'Mr.','O.','Garnes','125 Great Hills Rd','07078','2015555555','Electronic Engineers','2003-02-03' );

INSERT INTO student VALUES (188,'Mr.','Phil','Gilloon','4244 Morestown Ct. E','43224','6145555555','The Electronic Publishing Company','2003-02-03' );

INSERT INTO student VALUES (189,'Ms.','Deborah','Reyes','91 S 10th St','07107','2015555555','Electronic Engineers','2003-02-03' );

INSERT INTO student VALUES (190,'Mr.','Alan','Affinito','735 W. Crescent Ave.','07401','2015555555','Electronic Engineers','2003-02-03' );

INSERT INTO student VALUES (191,'Mr.','Steven','M. Orent','223 Crabapple Rd.','11303','7185555555','Electronic Engineers','2003-02-03' );

INSERT INTO student VALUES (192,'Mr.','Frank','Viotty','299 Ocean Ae.','11230','7185555555','Electronic Engineers','2003-02-03' );

INSERT INTO student VALUES (193,'Mr.','Al','Jamerncy','16 Eldor Ave.','10956','2125555555','Electronic Engineers','2003-02-03' );

INSERT INTO student VALUES (194,'Ms.','Verona','Grant','17 Gould St.','07044','2015555555','Electronic Engineers','2003-02-03' );

INSERT INTO student VALUES (195,'Ms.','Regina','Bose','29 Cygnet Dr.','11787','7185555555','Millhover Publishing','2003-02-03' );

INSERT INTO student VALUES (196,'Mr.','Victor','Meshaj','22 Coach Lame Lane','06830','2035555555','Interchurch','2003-02-03' );

INSERT INTO student VALUES (197,'Mr.','J.','Dalvi','Skaarup Oil Co. 66 Field Pt. R','06830','2035555555','Interchurch','2003-02-03' );

INSERT INTO student VALUES (198,'Mr.','Edwin','Allende','276 Fillo St.','06850','2035555555','Interchurch','2003-02-03' );

INSERT INTO student VALUES (199,'Mr.','J.','Segall','53-35 192 St.','11365','7185555555','Johnson & Higgins','2003-02-03' );

INSERT INTO student VALUES (200,'Mr.','Gene','Bresser, HR Rep.','81 Shady Ln','07023','2015555555','Judicial Center','2003-02-05' );

INSERT INTO student VALUES (201,'Mr.','Michael','Lefbowitz','1438 E 100th St','11236','7185555555','Judicial Center','2003-02-05' );

INSERT INTO student VALUES (202,'Ms.','Mary','Axch','144-70 41st Ave. #4T','11355','7185555555','Kenyon & Kenyon','2003-02-05' );

INSERT INTO student VALUES (203,'Mr.','Angel','Cook','320 John St','07029','2015555555','Lambert, Brussels','2003-02-05' );

INSERT INTO student VALUES (204,'Mr.','Arun','Griffen','Box 86','11368','7185555555','Lambos, Flynn','2003-02-05' );

INSERT INTO student VALUES (205,'Mr.','Alfred','Hutheesing','43-11 National St','11368','7185555555','Lambos, Flynn','2003-02-05' );

INSERT INTO student VALUES (206,'Mr.','Freedon','annunziato','45 Adelphi St. #2W','11205','7185555555','Lamont Doherty','2003-02-05' );

INSERT INTO student VALUES (207,'Ms.','Bernadette','Montanez','7 St. Lukes Place #202','07042','2015555555','Lamont Doherty','2003-02-05' );

INSERT INTO student VALUES (208,'Mr.','A.','Tucker','117 Olcott Way','06877','2035555555','Lowenthal & Horwalk','2003-02-05' );

INSERT INTO student VALUES (209,'Mr.','Lloyd','Kellam','156-02 Liberty Ave.','11433','7185555555','Lowenthal & Horwalk','2003-02-05' );

INSERT INTO student VALUES (210,'Mr.','David','Thares','20 Charles Rd.','06798','2035555555','MGIC Indemnity','2003-02-05' );

INSERT INTO student VALUES (211,'Ms.','Jenny','Goldsmith','250 N. Van Dien Ave.','07450','2015555555','Man.School Music','2003-02-05' );

INSERT INTO student VALUES (212,'Ms.','Barbara','Robichaud','132 S Mountain View Dr.','10965','2125555555','Man.School Music','2003-02-05' );

INSERT INTO student VALUES (214,'Ms.','Yvonne','Williams','80-20 4th Ave.  #A3','11209','7185555555','Iarriott Hotels','2003-02-05' );

INSERT INTO student VALUES (215,'Mr.','Reynaldo','Chatman','9925 42nd Ave. #3B','11368','7185555555','Iarriott Hotels','2003-02-05' );

INSERT INTO student VALUES (216,'Mr.','Madhav','Dusenberry','6331 Durham Ave','07047','2015555555','Micro Rental','2003-02-05' );

INSERT INTO student VALUES (217,'Mr.','Jeffrey','Citron','PO Box 1091','07024','2015555555','Mitsukoshi USA Inc.','2003-02-05' );

INSERT INTO student VALUES (218,'Mr.','Eric','Da Silva','90-36 53rd Avenue, #3D','11373','7185555555','Mitsukoshi USA Inc.','2003-02-05' );

INSERT INTO student VALUES (220,'Mr.','Robert','Segall','36 Brookdale Dr.','06903','2035555555','Board Utilities','2003-02-08' );

INSERT INTO student VALUES (221,'Ms.','Sheradha','Malone','91-41 23rd Ave. 1st Floor','11369','7185555555','Board Utilities','2003-02-08' );

INSERT INTO student VALUES (223,'Mr.','Frank','Pace','13 Burlington Dr.','10025','2035555555','Board Utilities','2003-02-08' );

INSERT INTO student VALUES (224,'Mr.','M.','Diokno','44-20 64th St #6L','11377','7185555555','Natnl Bank Hungary','2003-02-08' );

INSERT INTO student VALUES (225,'Mr.','Edgar','Moffat','172 Lincoln St','07042','2015555555','OPEIU','2003-02-08' );

INSERT INTO student VALUES (227,'Ms.','Bessie','Heedles','932 Carnegie Ave.','07060','2015555555','Ogilvy & Bernard','2003-02-08' );

INSERT INTO student VALUES (228,'Mr.','Mohamed','Valentine','35-33 83rd St. #D 12','11372','7185555555','Omni Devel.& Markt.','2003-02-08' );

INSERT INTO student VALUES (229,'Ms.','Adrienne','Lopez','755 Anderson Ave. #3-25','07010','2015555555','P&S 3-401','2003-02-08' );

INSERT INTO student VALUES (230,'Mr.','George','Kocka','24 Beaufield St.','02124','6175555555','PC Values','2003-02-08' );

INSERT INTO student VALUES (232,'Ms.','Janet','Jung','118-18 Union Tpke #3K','11415','7185555555','Plannning, Health S.','2003-02-08' );

INSERT INTO student VALUES (233,'Ms.','Kathleen','Mulroy','770 Anderson Ave.','07010','2015555555','Hohenreuther','2003-02-08' );

INSERT INTO student VALUES (234,'Mr.','Joel','Brendler','111 Village Hill Dr.','11746','7185555555','Morninghill Presbyterian Hosp.','2003-02-08' );

INSERT INTO student VALUES (235,'Mr.','Michael','Carcia','250 Senator St','11220','7185555555','KO Pictures, Inc.','2003-02-08' );

INSERT INTO student VALUES (236,'Mr.','Gerry','Tripp','35-15 84th St.','11372','7185555555','Schl.of Nursing','2003-02-08' );

INSERT INTO student VALUES (237,'Mr.','Rommel','Frost','P.O. Box 6294','07306','2015555555','Seligman Harris','2003-02-08' );

INSERT INTO student VALUES (238,'Mr.','Roger','Snow','1620 Cambridge Rd.','48104','5175555555','Seligman Harris','2003-02-08' );

INSERT INTO student VALUES (240,'Ms.','Z.A.','Scrittorale','27 Arrowhead Wy.','06820','2035555555','Sibney Advertising','2003-02-11' );

INSERT INTO student VALUES (241,'Mr.','Joseph','Yourish','185 St. Marks Ave.','11238','7185555555','Simpson, Thatcher','2003-02-11' );

INSERT INTO student VALUES (242,'Mr.','Daniel','Ordes','117 Knapp Ave.','07011','2015555555','St.Colg.Optometry','2003-02-11' );

INSERT INTO student VALUES (243,'Mr.','Bharat','Roberts','175 Oakland Ave.','07306','2015555555','Steinhauer,Sheiman','2003-02-11' );

INSERT INTO student VALUES (244,'Ms.','Sarah','Wilson','457 77th St.','11209','7185555555','Thacher, Proffitt','2003-02-11' );

INSERT INTO student VALUES (245,'Mr.','Irv','Dalvi','1504 Harmon Cove Towers','07094','2015555555','Thacher, Proffitt','2003-02-11' );

INSERT INTO student VALUES (246,'Ms.','Meryl','Owens','94 Sycamore Rd.','07012','2015555555','The COG Group,Inc.','2003-02-11' );

INSERT INTO student VALUES (247,'Mr.','Frank','Bunnell','43 Lindstrom Rd.','06902','2035555555','The Plaza Penn Hotel','2003-02-11' );

INSERT INTO student VALUES (248,'Ms.','Tamara','Zapulla','818 E. Ridgewood Ave.','07450','2015555555','Thyssen Stuttgart','2003-02-11' );

INSERT INTO student VALUES (250,'Mr.','Evan','Fielding','194-07 58th Ave.','11365','7185555555','Toronto Neuenstadt','2003-02-11' );

INSERT INTO student VALUES (251,'Ms.','Catherine','Frangopoulos','2270 41st Street','11105','7185555555','U.N.D.P.','2003-02-11' );

INSERT INTO student VALUES (252,'Ms.','Nana','Barogh','4131 Hampton St.','11373','7185555555','U.N.D.P.','2003-02-11' );

INSERT INTO student VALUES (253,'Mr.','Walter','Boremmann','88 Old Fields Rd','02563','6175555555','Union Bk.Bavaria','2003-02-11' );

INSERT INTO student VALUES (254,'Ms.','Melvina','Chamnonkool','117-36 168th St.','11434','7185555555','Union Bk.Bavaria','2003-02-11' );

INSERT INTO student VALUES (256,'Ms.','Lorrane','Velasco','200 Winston Dr. #2212','07010','2015555555','Union Bk.Bavaria','2003-02-11' );

INSERT INTO student VALUES (257,'Ms.','Suzanne M.','Abid','279 Hempstead Ave.','11565','7185555555','Whitney Comm.','2003-02-11' );

INSERT INTO student VALUES (258,'Ms.','Suzanna','Velasco','1033 Springfield Ave, UCC','07016','2015555555','Kirsten Stein','2003-02-11' );

INSERT INTO student VALUES (259,'Mr.','George','Merriman','49 Adair Ct','11565','7185555555','Powerhouse Publishing','2003-02-11' );

INSERT INTO student VALUES (260,'Ms.','Jean','Griffith','1219 Mooney Pl.','07065','2015555555','Willig Pub.','2003-02-13' );

INSERT INTO student VALUES (261,'Mr.','Vinnie','Moon','32-67 35th St.','11106','7185555555','Kirsten Stein','2003-02-13' );

INSERT INTO student VALUES (262,'Ms.','Donna','Walston','236 Washington Ave.','07024','2015555555','Willig Pub.','2003-02-13' );

INSERT INTO student VALUES (263,'Mr.','Radharam','King','2416 38 Ave. #5G','11101','7185555555','Kirsten Stein','2003-02-13' );

INSERT INTO student VALUES (264,'Ms.','Lorraine','Harty','17 Beach St.','07307','2015555555','A.D. Tihany, Intnl','2003-02-13' );

INSERT INTO student VALUES (265,'Ms.','Adele','Rothstein','Box 6028','11106','7185555555','A.H.R.B.','2003-02-13' );

INSERT INTO student VALUES (266,'Ms.','Kate','Page','130 8th Ave 38F','11215','7185555555','A.H.R.B.','2003-02-13' );

INSERT INTO student VALUES (267,'Mr.','Julius','Kwong','3001 Edwin Ave. 2B','07024','2015555555','Adler & Shaykin','2003-02-13' );

INSERT INTO student VALUES (268,'Mr.','Ronald','Tangaribuan','140 Hepburn Rd #9J','07012','2015555555','Alex. & Alexander','2003-02-13' );

INSERT INTO student VALUES (269,'Ms.','Sharon','Thompson','390 Parkside Ave. #A4','11220','7185555555','Alex. & Alexander','2003-02-13' );

INSERT INTO student VALUES (270,'Mr.','Charles','Caro','6 Buena Vista St.','06907','2035555555','Alex. & Alexander','2003-02-13' );

INSERT INTO student VALUES (271,'Mr.','Jose','Benitez','69-68 St.','07093','2015555555','Amer. Intl Group','2003-02-13' );

INSERT INTO student VALUES (272,'Ms.','Kevin','Porch','102 Maple St.','07070','2015555555','Diabetes Prevention Assoc.','2003-02-13' );

INSERT INTO student VALUES (273,'Ms.','Hedy','Naso','1072 Abbott Blvd.','07024','2015555555','Diabetes Prevention Assoc.','2003-02-13' );

INSERT INTO student VALUES (274,'Mr.','John','De Simone','107-28 115th St','11419','7185555555','Diabetes Prevention Assoc.','2003-02-13' );

INSERT INTO student VALUES (275,'Mr.','George','Ross','49 Adair Ct.','11565','7185555555','Associate Diabetics Foundation','2003-02-13' );

INSERT INTO student VALUES (276,'Ms.','Florence','Valamas','88-20 86 Street','11432','7185555555','Amer.Legal Systems','2003-02-13' );

INSERT INTO student VALUES (277,'Ms.','Evelyn','Liggons','67-19 49th Ave','11377','7185555555','Amer.Legal Systems','2003-02-13' );

INSERT INTO student VALUES (278,'Mr.','Thomas E.','La Blank','49 Raleigh Rd','02189','6175555555','Amer.Legal Systems','2003-02-13' );

INSERT INTO student VALUES (279,'Ms.','George','Korka','3 Aster Pl.','11746','7185555555','Amer.Legal Systems','2003-02-13' );

INSERT INTO student VALUES (280,'Mr.','Bill','Engongoro','37-55 77th St #5G','11372','7185555555','Amer.Legal Systems','2003-02-13' );

INSERT INTO student VALUES (281,'Ms.','Virginia','Ocampo','68 First Ave.','07094','2015555555','Amer.Legal Systems','2003-02-13' );

INSERT INTO student VALUES (282,'Mr.','Jonathan','Jaele','1543 Nostrant Ave. #3C','11226','7185555555','Amer.Legal Systems','2003-02-13' );

INSERT INTO student VALUES (283,'Ms.','Benita','Perkins','11 Mirrielees Circle','11021','7185555555','Amer.Legal Systems','2003-02-13' );

INSERT INTO student VALUES (284,'Ms.','Salewa','Lindeman','1614 64th St.','11204','7185555555','Amer.Legal Systems','2003-02-13' );

INSERT INTO student VALUES (285,'Mr.','Paul','Sikinger','38 Beaumont Pl','07104','2015555555','Amer.Legal Systems','2003-02-13' );

INSERT INTO student VALUES (286,'Ms.','Robin','Kelly','200 Winston Dr. #2212','07010','2015555555','German Express Corp.','2003-02-13' );

INSERT INTO student VALUES (288,'Ms.','Rosemary','Ellman','143.5 Bowers St.','07307','2015555555','Anaesthesiology Associates','2003-02-13' );

INSERT INTO student VALUES (289,'Ms.','Shirley','Murray','PO Box 143','11224','7185555555','Arbank, T.A.S.','2003-02-13' );

INSERT INTO student VALUES (290,'Mr.','Brian','Robles','45-08 11th St.','11101','7185555555','Asch & Basch, P.A.','2003-02-17' );

INSERT INTO student VALUES (291,'Mr.','D.','Dewitt','4 Rockledge Rd','07042','2015555555','Assoc.Help Retarded','2003-02-17' );

INSERT INTO student VALUES (292,'Mr.','Austin V.','Cadet','360 Sunset Rd.','07444','2015555555','Assoc.Help Retarded','2003-02-17' );

INSERT INTO student VALUES (293,'Mr.','Frank','M. Orent','37-21 80th St. #6J','11372','7185555555','Assoc.Help Retarded','2003-02-17' );

INSERT INTO student VALUES (294,'Ms.','Yvonne','Winnicki','8020 4th Ave.','11209','7185555555','Assoc.Help Retarded','2003-02-17' );

INSERT INTO student VALUES (296,'Mr.','Mike','Madej','214 Cottage St.','06605','2035555555','TRS/Sanders','2003-02-17' );

INSERT INTO student VALUES (298,'Ms.','Paula','Valentine','17 Orchard Farm','11050','7185555555','TRS/Sanders','2003-02-17' );

INSERT INTO student VALUES (299,'Mr.','Brian','Saluja','604 McDough St.','11233','7185555555','Frontwater Music','2003-02-17' );

INSERT INTO student VALUES (300,'Mr.','Frances','Lawson','70 Nevada Ave.','11042','7185555555','Frontwater Music','2003-02-17' );

INSERT INTO student VALUES (301,'Mr.','Barry','Dunkon','1 Marine Pl','07047','2015555555','Banco Bueno','2003-02-17' );

INSERT INTO student VALUES (302,'Ms.','Rita','Archor','30 Lakeview Dr.','06905','2035555555','Barnard Love','2003-02-17' );

INSERT INTO student VALUES (303,'Mr.','George','Milano','#1 Baycoub Dr.','11360','7185555555','Barnard Love','2003-02-17' );

INSERT INTO student VALUES (304,'Mr.','Kardik','Guarino','4141 48th St #3K','11104','7185555555','Faerber','2003-02-17' );

INSERT INTO student VALUES (305,'Mr.','Preston','Larcia','131-57 230th','11413','7185555555','Schwaebische Landesbank','2003-02-17' );

INSERT INTO student VALUES (306,'Mr.','Norman','Callender','6635 108th St.','11375','7185555555','Beketon Dickenson','2003-02-17' );

INSERT INTO student VALUES (307,'Ms.','Salondra','Galik','114-19 131st St.','11420','7185555555','Schloomingdales','2003-02-17' );

INSERT INTO student VALUES (309,'Ms.','Carlos','Airall','250 Sylvan Dr','11552','7185555555','Breed, Abbott, Tristan','2003-02-17' );

INSERT INTO student VALUES (310,'Mr.','Joseph','Jimenes','221-07 Braddock Ave.','11428','7185555555','Breed, Abbott, Tristan','2003-02-17' );

INSERT INTO student VALUES (311,'Mr.','Henry','Masser','5502 Tilden Ave.','11203','7185555555','Hurlington Industries','2003-02-17' );

INSERT INTO student VALUES (312,'Ms.','Maria','Allende','2885 Bayview Ave.','11510','7185555555','HK Inc.','2003-02-17' );

INSERT INTO student VALUES (313,'Mr.','John','Velie','135-24 233rd St.','11422','7185555555','TK Inc.','2003-02-17' );

INSERT INTO student VALUES (314,'Ms.','Bernice','Dermody','209 Carlton Ave.','11205','7185555555','New York Pop','2003-02-17' );

INSERT INTO student VALUES (315,'Ms.','Daniel','McHowell','35 Sommerville St','11717','7185555555','Rischert & Assoc.','2003-02-17' );

INSERT INTO student VALUES (317,'Ms.','Cathy','Austin','64-18 Madison St.','11385','7185555555','New York Culture','2003-02-17' );

INSERT INTO student VALUES (319,'Mr.','George','Eakheit','40 Ramapo Rd','07421','2015555555','New York Culture','2003-02-17' );

INSERT INTO student VALUES (320,'Mr.','Mark','Miller','40-44 70th St.','11377','7185555555','New York Culture','2003-02-19' );

INSERT INTO student VALUES (321,'Ms.','Jeannette','Smagler','420 Greene Ave.','11216','7185555555','New York Culture','2003-02-19' );

INSERT INTO student VALUES (322,'Mr.','Oscar','Archer','578 E 40th ST.','11218','7185555555','Capital Natnl Bank','2003-02-19' );

INSERT INTO student VALUES (323,'Mr.','Gilbert','Ginestra','555 North Ave, 24C','07024','2015555555','Capital Natnl Bank','2003-02-19' );

INSERT INTO student VALUES (324,'Mr.','Price','Marten','328 Fenimore St. #2','11225','7185555555','Xaticorp Retail','2003-02-19' );

INSERT INTO student VALUES (325,'Ms.','Pat','Puetrino','Bldg #11, 1st St','10954','2125555555','Hayworth Business School','2003-02-19' );

INSERT INTO student VALUES (326,'Mr.','Piotr','Padel','14 Spring Grove','06820','2035555555','Coley & McCarthy','2003-02-19' );

INSERT INTO student VALUES (328,'Mr.','Lynwood A.','Thorton','68 Durand Pl','07111','2015555555','Colt Industries','2003-02-19' );

INSERT INTO student VALUES (330,'Mr.','John','Tabs','8821 16th Avenue','11214','7185555555','Hayman Budget Offices','2003-02-19' );

INSERT INTO student VALUES (331,'Ms.','Mei-Wah','Zopf','3448 76th ST.','11372','7185555555','Millerman Libraries','2003-02-19' );

INSERT INTO student VALUES (332,'Ms.','Paula','Mwangi','321 Hill Ave.','13760','9145555555','Public Libraries','2003-02-19' );

INSERT INTO student VALUES (333,'Mr.','Artie','Ward','951 Carroll St. #3B','11225','7185555555','Millerman Libraries','2003-02-19' );

INSERT INTO student VALUES (334,'Ms.','Sarah','Annina','64 Janes Ln','06903','2035555555','Combustion Eng.','2003-02-19' );

INSERT INTO student VALUES (335,'Ms.','Jane','Jackson','34 Park Row','07057','2015555555','Ray Reedy','2003-02-19' );

INSERT INTO student VALUES (336,'Mr.','Steven','Gallagher','522 60th St.','11228','7185555555','Combustion Eng.','2003-02-19' );

INSERT INTO student VALUES (337,'Mr.','Preston','Cross','131-57 230th','11413','7185555555','Competrol Real Estate','2003-02-19' );

INSERT INTO student VALUES (338,'Ms.','Helga','Towle','87B Hastings Ave.','07070','2015555555','Corp.Propty.Invstrs.','2003-02-19' );

INSERT INTO student VALUES (339,'Mr.','Piang','Nyziak','646 Argyle Rd. B20','11230','7185555555','Cosmopolitan Reader, Inc.','2003-02-19' );

INSERT INTO student VALUES (340,'Mr.','David','Eng','547 Crown St.','11213','7185555555','Counselor at Law','2003-02-19' );

INSERT INTO student VALUES (341,'Mr.','Kevin','Porch','1531 John St.','07024','2015555555','Craftex Creations','2003-02-19' );

INSERT INTO student VALUES (342,'Ms.','Marianne','De Armas','25 Duncan Ave.','07304','2015555555','Craftex Creations','2003-02-19' );

INSERT INTO student VALUES (343,'Mr.','Ray','Schafer','73 Wilson St','11530','7185555555','Craftex Joice','2003-02-19' );

INSERT INTO student VALUES (344,'Rev','R.','Sprouse','525 E. Front St.','07060','2015555555','Crane Co.','2003-02-19' );

INSERT INTO student VALUES (345,'Mr.','Peter','Carey','23 School Lane','11743','7185555555','Crane Co.','2003-02-19' );

INSERT INTO student VALUES (346,'Dr.','Joane','Buckberg','311 Temple Pl.','07090','2015555555','Crane Co.','2003-02-19' );

INSERT INTO student VALUES (347,'Ms.','Edith','Daly','1763 E 28th St','11229','7185555555','Crane Co.','2003-02-19' );

INSERT INTO student VALUES (348,'Mr.','Morty','Miller','14 Side Hill Rd','06880','2035555555','Crane Co.','2003-02-19' );

INSERT INTO student VALUES (349,'Ms.','Margaret','Mandel','1701 Albemarne Wd. F3','11226','7185555555','Crane Co.','2003-02-19' );

INSERT INTO student VALUES (351,'Mr.','Alan','Galik','84-23 Mantuon St #4E','11435','7185555555','Credit for Everyone','2003-02-21' );

INSERT INTO student VALUES (352,'Ms.','Debra','Shah','118-48 203rd St','11412','7185555555','DHJ Info Services','2003-02-21' );

INSERT INTO student VALUES (353,'Mr.','Paul','Intal','62A Brookdale Grdns.','07003','2015555555','Dean Reynolds','2003-02-21' );

INSERT INTO student VALUES (355,'Mr.','Romeo','Ittoop','837 Pavonia Ave.','07306','2015555555','Donaldson Lufkin','2003-02-21' );

INSERT INTO student VALUES (356,'Mr.','John','Ancean','23 Pines Bridge Rd','06483','2035555555','Donaldson Lufkin','2003-02-21' );

INSERT INTO student VALUES (357,'Mr.','Tom','Vargas','86 Harmon St.','11561','7185555555','Doyle & Assoc.','2003-02-21' );

INSERT INTO student VALUES (358,'Ms.','Valerie','Avia','142-20 Franklin Ave. #3M','11355','7185555555','Drummond & Hill','2003-02-21' );

INSERT INTO student VALUES (359,'Mr.','Fermin','Galik','54 Grand St.','11758','7185555555','Drummond & Hill','2003-02-21' );

INSERT INTO student VALUES (360,'Mr.','Calvin','Kiraly','P.O. Box 1627','06820','2035555555','E.Asian Library','2003-02-21' );

INSERT INTO student VALUES (361,'Mr.','Rawan','Rosenberg','94-31 59th Ave #5A','11373','7185555555','Millermont Public School','2003-02-21' );

INSERT INTO student VALUES (362,'Mr.','Yu','Sentell','1679 Woodbine St.','11385','7185555555','Emerging Image, Inc.','2003-02-21' );

INSERT INTO student VALUES (363,'Ms.','Bridget','Hagel','640 E 94th St','11236','7185555555','Emerging Image, Inc.','2003-02-21' );

INSERT INTO student VALUES (364,'Mr.','Howard','Leopta','269 Vassar Ave','07112','2015555555','Miro Life Insurance','2003-02-21' );

INSERT INTO student VALUES (365,'Ms.','Kathleen','Mastandora','Box 165','11222','7185555555','Mire Life Insurance','2003-02-21' );

INSERT INTO student VALUES (366,'Mr.','Gabriel','Smith','451 E 26th St','11226','7185555555','Miro Life Insurance','2003-02-21' );

INSERT INTO student VALUES (367,'Mr.','Raymond','Cheevens','2 Broadview Rd.','06880','2035555555','Miro Life Insurance','2003-02-21' );

INSERT INTO student VALUES (368,'Mr.','Kevin','Lin','1402 Easter Pkwy','11233','7185555555','Ettlinger & Amerbach','2003-02-21' );

INSERT INTO student VALUES (369,'Ms.','Lorraine','Tucker','200 Winston Dr.','07010','2015555555','Ettlinger & Amerbach','2003-02-21' );

INSERT INTO student VALUES (370,'Mr.','John','Mithane','770 Amsterdam Ave. #20K','07010','2015555555','Euclid Partners Corp','2003-02-21' );

INSERT INTO student VALUES (371,'Mr.','Craig','Anglin','199-46 21st Ave.','11357','7185555555','Baxxon Corp.','2003-02-21' );

INSERT INTO student VALUES (372,'Ms.','Zalman','Draquez','5110 Ave. M','11234','7185555555','Baxxon Corp.','2003-02-21' );

INSERT INTO student VALUES (373,'Ms.','Reeva','Yeroushalmi','4500 Beach 45th St.','11224','7185555555','Baxxon Corp.','2003-02-21' );

INSERT INTO student VALUES (374,'Mr.','Leonard','Millstein','31 Thistle Lane','07430','2015555555','FGIC','2003-02-21' );

INSERT INTO student VALUES (375,'Mr.','Jack','Kasperovich','98-17 162nd Ave.','11414','7185555555','Fashion Institute','2003-02-21' );

INSERT INTO student VALUES (376,'Ms.','Lorelei','McNeal','432 Hunt Ln.','11030','7185555555','Finle & Co.','2003-02-21' );

INSERT INTO student VALUES (378,'Mr.','William','Gallo','P O Box 6309','07306','2015555555','First Holland Corp.','2003-02-21' );

INSERT INTO student VALUES (379,'Mr.','Craig','Padron','199-46 21st Ave.','11357','7185555555','German Natnl Bank','2003-02-21' );

INSERT INTO student VALUES (380,'Mr.','Joel','Krot','111 Village Hill Dr.','11746','7185555555','Freeman, Davis','2003-02-23' );

INSERT INTO student VALUES (381,'Mr.','Allan','Simmons','2422 Brigham St.','11235','7185555555','Friedlander, Gaines','2003-02-23' );

INSERT INTO student VALUES (382,'Mr.','Michael','Miroff','1316 South End Prkwy.','07060','2015555555','Friedlander, Gaines','2003-02-23' );

INSERT INTO student VALUES (383,'Ms.','Roger','Cowie','739 Willow St.','07016','2015555555','G.C.Osnos Co.','2003-02-23' );

INSERT INTO student VALUES (384,'Mr.','Asian','Chirichella','134-25 Franklin Ave. #512','11355','7185555555','Peo Capital Corp.','2003-02-23' );

INSERT INTO student VALUES (385,'Ms.','Yvonne','Allende','8020 Fort Ave. #A3','11209','7185555555','Georval, Inc.','2003-02-23' );

INSERT INTO student VALUES (386,'Ms.','Sengita','MacDonald, Jr.','144-35 32nd Ave','11354','7185555555','Goddard Institute','2003-02-23' );

INSERT INTO student VALUES (387,'Mr.','Paul','Braun','224 40th St','07111','2015555555','FBO, Inc.','2003-02-23' );

INSERT INTO student VALUES (388,'Ms.','Anna','Bathmanapan','481 Van Buren St.#C1','11221','7185555555','FBO, Inc.','2003-02-23' );

INSERT INTO student VALUES (389,'Ms.','Shirley','Leung','88 Sherman St.','07055','2015555555','FBO, Inc.','2003-02-23' );

INSERT INTO student VALUES (390,'Mr.','V.','Greenberg','105-34 65th Ave.  #6B','11375','7185555555','Handler,Danas Realty','2003-02-23' );

INSERT INTO student VALUES (391,'Mr.','Rafael A.','Torres','142-20 Franklin Ave. #2Q','11355','7185555555','Handler,Danas Realty','2003-02-23' );

INSERT INTO student VALUES (392,'Mr.','V.','Saliternan','105-34 65th Ave.  #6B','11375','7185555555','Handler,Danas Realty','2003-02-23' );

INSERT INTO student VALUES (393,'Mr.','Melvin','Martin','88 Sherman St.','07055','2015555555','Hanlon & McHeffey','2003-02-23' );

INSERT INTO student VALUES (394,'Ms.','Vera','Wetcel','172-12 133rd Ave.','11434','7185555555','Harold C.Hervon, PC','2003-02-23' );

INSERT INTO student VALUES (396,'Mr.','James E.','Norman','PO Box 809 Curran Hwy','01247','6175555555','Health & Hospitals','2003-02-23' );

INSERT INTO student VALUES (397,'Ms.','Margaret','Lloyd','77-15 113th Street, #15','11375','7185555555','Health & Hospitals','2003-02-23' );

INSERT INTO student VALUES (399,'Mr.','Jerry','Abdou','460 15th St. #4','10025','7185555555','Health Mgmt.Systems','2003-02-23' );

COMMIT;

INSERT INTO zipcode VALUES ('28235','Charlotte','NC' );

INSERT INTO zipcode VALUES ('00914','Santurce','PR' );

INSERT INTO zipcode VALUES ('01247','North Adams','MA' );

INSERT INTO zipcode VALUES ('02124','Dorchester','MA' );

INSERT INTO zipcode VALUES ('02155','Tufts Univ. Bedford','MA' );

INSERT INTO zipcode VALUES ('02189','Weymouth','MA' );

INSERT INTO zipcode VALUES ('02563','Sandwich','MA' );

INSERT INTO zipcode VALUES ('06401','Ansonia','CT' );

INSERT INTO zipcode VALUES ('06455','Middlefield','CT' );

INSERT INTO zipcode VALUES ('06483','Oxford','CT' );

INSERT INTO zipcode VALUES ('06520','New Haven','CT' );

INSERT INTO zipcode VALUES ('06605','Bridgeport','CT' );

INSERT INTO zipcode VALUES ('06798','Woodbury','CT' );

INSERT INTO zipcode VALUES ('06820','Georgetown','WV' );

INSERT INTO zipcode VALUES ('06830','Greenwich','CT' );

INSERT INTO zipcode VALUES ('06850','Norwalk','CT' );

INSERT INTO zipcode VALUES ('06851','Norwalk','CT' );

INSERT INTO zipcode VALUES ('06853','Rowayton','CT' );

INSERT INTO zipcode VALUES ('06870','Old Greenwich','CT' );

INSERT INTO zipcode VALUES ('06877','Ridgefield','CT' );

INSERT INTO zipcode VALUES ('06880','Westport','CT' );

INSERT INTO zipcode VALUES ('06883','Weston','CT' );

INSERT INTO zipcode VALUES ('06897','Wilton','CT' );

INSERT INTO zipcode VALUES ('06902','Stamford','CT' );

INSERT INTO zipcode VALUES ('06903','Stamford','CT' );

INSERT INTO zipcode VALUES ('06905','Stamford','CT' );

INSERT INTO zipcode VALUES ('06907','Stamford','CT' );

INSERT INTO zipcode VALUES ('07002','Bayonne','NJ' );

INSERT INTO zipcode VALUES ('07003','Bloomfiel','NJ' );

INSERT INTO zipcode VALUES ('07006','North Caldwell','NJ' );

INSERT INTO zipcode VALUES ('07008','Carteret','NJ' );

INSERT INTO zipcode VALUES ('07009','Cedar Grove','NJ' );

INSERT INTO zipcode VALUES ('07010','Cliffside Park','NJ' );

INSERT INTO zipcode VALUES ('07011','Clifton','NJ' );

INSERT INTO zipcode VALUES ('07012','Clifton','NJ' );

INSERT INTO zipcode VALUES ('07014','Clifton','NJ' );

INSERT INTO zipcode VALUES ('07016','Cranford','NJ' );

INSERT INTO zipcode VALUES ('07021','Essex Fells','NJ' );

INSERT INTO zipcode VALUES ('07023','Fanwood','NJ' );

INSERT INTO zipcode VALUES ('07024','Ft. Lee','NJ' );

INSERT INTO zipcode VALUES ('07029','Harrison','NJ' );

INSERT INTO zipcode VALUES ('07030','Hoboken','NJ' );

INSERT INTO zipcode VALUES ('07034','Lake Hiawatha','NJ' );

INSERT INTO zipcode VALUES ('07035','Lincoln Pk.','NJ' );

INSERT INTO zipcode VALUES ('07036','Lyndon','NJ' );

INSERT INTO zipcode VALUES ('07040','Maplewood','NJ' );

INSERT INTO zipcode VALUES ('07042','Montclair','NJ' );

INSERT INTO zipcode VALUES ('07043','Upper Montclair','NJ' );

INSERT INTO zipcode VALUES ('07044','Verona','NJ' );

INSERT INTO zipcode VALUES ('07047','North Bergen','NJ' );

INSERT INTO zipcode VALUES ('07054','Parsippany','NJ' );

INSERT INTO zipcode VALUES ('07055','Passaic','NJ');

INSERT INTO zipcode VALUES ('07057','Wallington','NJ' );

INSERT INTO zipcode VALUES ('07060','Plainfield','NJ' );

INSERT INTO zipcode VALUES ('07065','Rahway','NJ' );

INSERT INTO zipcode VALUES ('07066','Clark','NJ' );

INSERT INTO zipcode VALUES ('07070','Rutherford','NJ' );

INSERT INTO zipcode VALUES ('07078','Short Hills','NJ' );

INSERT INTO zipcode VALUES ('07079','S. Orange','NJ' );

INSERT INTO zipcode VALUES ('07087','Weehawken','NJ' );

INSERT INTO zipcode VALUES ('07090','Westfield','NJ' );

INSERT INTO zipcode VALUES ('07093','Guttenberg','NJ' );

INSERT INTO zipcode VALUES ('07094','Secaucus','NJ' );

INSERT INTO zipcode VALUES ('07096','Secaucus','NJ' );

INSERT INTO zipcode VALUES ('07102','Newark','NJ' );

INSERT INTO zipcode VALUES ('07104','Newark','NJ' );

INSERT INTO zipcode VALUES ('07107','Newark','NJ' );

INSERT INTO zipcode VALUES ('07109','Belleville','NJ' );

INSERT INTO zipcode VALUES ('07111','Irvington','NY');

INSERT INTO zipcode VALUES ('07112','Newark','NJ' );

INSERT INTO zipcode VALUES ('07302','Jersey City','NJ' );

INSERT INTO zipcode VALUES ('07304','Jersey City','NJ' );

INSERT INTO zipcode VALUES ('07306','Jersey City','NJ' );

INSERT INTO zipcode VALUES ('07307','Jersey City','NJ' );

INSERT INTO zipcode VALUES ('07401','Allendale','NJ' );

INSERT INTO zipcode VALUES ('07410','Fair Lawn','NJ' );

INSERT INTO zipcode VALUES ('07417','Franklin Lakes','NY');

INSERT INTO zipcode VALUES ('07421','Hewitt','NJ' );

INSERT INTO zipcode VALUES ('07430','Mahwah','NJ' );

INSERT INTO zipcode VALUES ('07444','Pompton Plains','NJ' );

INSERT INTO zipcode VALUES ('07450','Ridgewood','NJ' );

INSERT INTO zipcode VALUES ('07452','Glen Rock','NJ' );

INSERT INTO zipcode VALUES ('07458','Upper Saddle River','NJ' );

INSERT INTO zipcode VALUES ('07465','Wahnaque','NJ' );

INSERT INTO zipcode VALUES ('07470','Wayne','NJ' );

INSERT INTO zipcode VALUES ('07480','W. Milford','NJ' );

INSERT INTO zipcode VALUES ('07503','Paterson','NJ' );

INSERT INTO zipcode VALUES ('07509','Patterson','NJ' );

INSERT INTO zipcode VALUES ('07601','Hackensack','NJ' );

INSERT INTO zipcode VALUES ('07603','Bogota','NJ' );

INSERT INTO zipcode VALUES ('07607','Maywood','NJ' );

INSERT INTO zipcode VALUES ('07620','Alpine','NY');

INSERT INTO zipcode VALUES ('07621','Bergenfield','NJ' );

INSERT INTO zipcode VALUES ('07624','Closter','NJ' );

INSERT INTO zipcode VALUES ('07628','Dumont','NJ' );

INSERT INTO zipcode VALUES ('07631','Englewood','NJ' );

INSERT INTO zipcode VALUES ('07632','E. Cliffs','NJ' );

INSERT INTO zipcode VALUES ('07640','Harrington Park','NJ' );

INSERT INTO zipcode VALUES ('07645','Montvale','NJ' );

INSERT INTO zipcode VALUES ('07646','New Milford','NJ' );

INSERT INTO zipcode VALUES ('07648','Norwood','NJ' );

INSERT INTO zipcode VALUES ('07649','Oradell','NY');

INSERT INTO zipcode VALUES ('07652','Paramus','NJ' );

INSERT INTO zipcode VALUES ('07656','Park Ridge','NJ' );

INSERT INTO zipcode VALUES ('10004','New York','NY' );

INSERT INTO zipcode VALUES ('10005','New York','NY' );

INSERT INTO zipcode VALUES ('10014','New York','NY' );

INSERT INTO zipcode VALUES ('10015','New York','NY' );

INSERT INTO zipcode VALUES ('10017','New York','NY' );

INSERT INTO zipcode VALUES ('10019','New York','NY' );

INSERT INTO zipcode VALUES ('10025','New York','NY' );

INSERT INTO zipcode VALUES ('10027','New York','NY' );

INSERT INTO zipcode VALUES ('10035','New York','NY' );

INSERT INTO zipcode VALUES ('10036','New York','NY' );

INSERT INTO zipcode VALUES ('10048','New York','NY' );

INSERT INTO zipcode VALUES ('10954','Nannet','NY' );

INSERT INTO zipcode VALUES ('10956','New City','NY' );

INSERT INTO zipcode VALUES ('10960','Central Nyack','NY' );

INSERT INTO zipcode VALUES ('10965','Pearl River','NY' );

INSERT INTO zipcode VALUES ('10983','Tappan','NY' );

INSERT INTO zipcode VALUES ('11021','Great Neck','NY' );

INSERT INTO zipcode VALUES ('11029','Brooklyn','NY' );

INSERT INTO zipcode VALUES ('11030','Manhasset','NY' );

INSERT INTO zipcode VALUES ('11040','New Hyde Park','NY' );

INSERT INTO zipcode VALUES ('11042','Long Beach','NY' );

INSERT INTO zipcode VALUES ('11050','Fort Washington','NY' );

INSERT INTO zipcode VALUES ('11101','Long Island City','NY' );

INSERT INTO zipcode VALUES ('11102','Astoria','NY' );

INSERT INTO zipcode VALUES ('11103','Astoria','NY' );

INSERT INTO zipcode VALUES ('11104','Sunnyside','NY' );

INSERT INTO zipcode VALUES ('11105','Astoria','NY' );

INSERT INTO zipcode VALUES ('11106','Long Island City','NY' );

INSERT INTO zipcode VALUES ('11201','Brooklyn','NY' );

INSERT INTO zipcode VALUES ('11203','Brooklyn','NY' );

INSERT INTO zipcode VALUES ('11204','Brooklyn','NY' );

INSERT INTO zipcode VALUES ('11205','Brooklyn','NY' );

INSERT INTO zipcode VALUES ('11206','Brooklyn','NY' );

INSERT INTO zipcode VALUES ('11207','Brooklyn','NY' );

INSERT INTO zipcode VALUES ('11208','Brooklyn','NY' );

INSERT INTO zipcode VALUES ('11209','Brooklyn','NY' );

INSERT INTO zipcode VALUES ('11210','Brooklyn','NY' );

INSERT INTO zipcode VALUES ('11211','Brooklyn','NY' );

INSERT INTO zipcode VALUES ('11212','Brooklyn','NY' );

INSERT INTO zipcode VALUES ('11213','Brooklyn','NY' );

INSERT INTO zipcode VALUES ('11214','Brooklyn','NY' );

INSERT INTO zipcode VALUES ('11215','Brooklyn','NY' );

INSERT INTO zipcode VALUES ('11216','Brooklyn','NY' );

INSERT INTO zipcode VALUES ('11217','Brooklyn','NY' );

INSERT INTO zipcode VALUES ('11218','Brooklyn','NY' );

INSERT INTO zipcode VALUES ('11219','Brooklyn','NY' );

INSERT INTO zipcode VALUES ('11220','Brooklyn','NY' );

INSERT INTO zipcode VALUES ('11221','Brooklyn','NY' );

INSERT INTO zipcode VALUES ('11222','Brooklyn','NY' );

INSERT INTO zipcode VALUES ('11223','Brooklyn','NY' );

INSERT INTO zipcode VALUES ('11224','Brooklyn','NY' );

INSERT INTO zipcode VALUES ('11225','Brooklyn','NY' );

INSERT INTO zipcode VALUES ('11226','Brooklyn','NY' );

INSERT INTO zipcode VALUES ('11228','Brooklyn','NY' );

INSERT INTO zipcode VALUES ('11229','Brooklyn','NY' );

INSERT INTO zipcode VALUES ('11230','Brooklyn','NY' );

INSERT INTO zipcode VALUES ('11231','Brooklyn','NY' );

INSERT INTO zipcode VALUES ('11232','Brooklyn','NY' );

INSERT INTO zipcode VALUES ('11233','Brooklyn','NY' );

INSERT INTO zipcode VALUES ('11234','Brooklyn','NY' );

INSERT INTO zipcode VALUES ('11235','Brooklyn','NY' );

INSERT INTO zipcode VALUES ('11236','Brooklyn','NY' );

INSERT INTO zipcode VALUES ('11238','Brooklyn','NY' );

INSERT INTO zipcode VALUES ('11295','West Islip','NY' );

INSERT INTO zipcode VALUES ('11303','Monbasset','NY' );

INSERT INTO zipcode VALUES ('11322','Jackson Hts.','NY' );

INSERT INTO zipcode VALUES ('11354','Flushing','NY' );

INSERT INTO zipcode VALUES ('11355','Flushing','NY' );

INSERT INTO zipcode VALUES ('11357','Whitestone','NY' );

INSERT INTO zipcode VALUES ('11358','Flushing','NY' );

INSERT INTO zipcode VALUES ('11360','Bayside','NY' );

INSERT INTO zipcode VALUES ('11361','Bayside','NY' );

INSERT INTO zipcode VALUES ('11362','Douglaston','NY' );

INSERT INTO zipcode VALUES ('11365','Fresh Meadows','NY' );

INSERT INTO zipcode VALUES ('11366','Flushing','NY' );

INSERT INTO zipcode VALUES ('11368','Corona','NY' );

INSERT INTO zipcode VALUES ('11369','Elmhurst','NY' );

INSERT INTO zipcode VALUES ('11370','Jackson Heights','NY' );

INSERT INTO zipcode VALUES ('11372','Jackson Heights','NY' );

INSERT INTO zipcode VALUES ('11373','Amherst','NY' );

INSERT INTO zipcode VALUES ('11374','Rego Park','NY' );

INSERT INTO zipcode VALUES ('11375','Forest Hills','NY' );

INSERT INTO zipcode VALUES ('11377','Woodside','NY' );

INSERT INTO zipcode VALUES ('11385','Ridgewood Queens','NY' );

INSERT INTO zipcode VALUES ('11403','Holliswood','NY' );

INSERT INTO zipcode VALUES ('11412','Hollis','NY' );

INSERT INTO zipcode VALUES ('11413','Laurelton','NY' );

INSERT INTO zipcode VALUES ('11414','Howard Bank','NY' );

INSERT INTO zipcode VALUES ('11415','Kew Gardens','NY' );

INSERT INTO zipcode VALUES ('11418','Richmond Hills','NY' );

INSERT INTO zipcode VALUES ('11419','Richmond Hill','NY' );

INSERT INTO zipcode VALUES ('11420','Jamaica','NY' );

INSERT INTO zipcode VALUES ('11422','Laurelton','NY' );

INSERT INTO zipcode VALUES ('11426','Bellrose','NY' );

INSERT INTO zipcode VALUES ('11428','Queens Village','NY' );

INSERT INTO zipcode VALUES ('11432','Jamaica','NY' );

INSERT INTO zipcode VALUES ('11433','Jamaica','NY' );

INSERT INTO zipcode VALUES ('11434','Jamaica','NY' );

INSERT INTO zipcode VALUES ('11435','Jamaica','NY' );

INSERT INTO zipcode VALUES ('11510','Baldwin','NY' );

INSERT INTO zipcode VALUES ('11530','Garden City','NY' );

INSERT INTO zipcode VALUES ('11550','Hempstead','NY' );

INSERT INTO zipcode VALUES ('11552','West Hempstead','NY' );

INSERT INTO zipcode VALUES ('11561','Long Beach','NY' );

INSERT INTO zipcode VALUES ('11565','Malverne','NY' );

INSERT INTO zipcode VALUES ('11572','Jackson Heights','NY' );

INSERT INTO zipcode VALUES ('11576','Roslyn','NY' );

INSERT INTO zipcode VALUES ('11598','Woodmere','NY' );

INSERT INTO zipcode VALUES ('11694','Far Rockaway','NY' );

INSERT INTO zipcode VALUES ('11717','Brentwood','NJ' );

INSERT INTO zipcode VALUES ('11720','Centerach','NY' );

INSERT INTO zipcode VALUES ('11722','Central Islip','NY' );

INSERT INTO zipcode VALUES ('11743','Huntington','NY' );

INSERT INTO zipcode VALUES ('11746','Dix Hills','NY' );

INSERT INTO zipcode VALUES ('11758','Massapequa','NY' );

INSERT INTO zipcode VALUES ('11766','Huntington','NY' );

INSERT INTO zipcode VALUES ('11776','Port Jefferson','NY' );

INSERT INTO zipcode VALUES ('11787','Smithtown','NY' );

INSERT INTO zipcode VALUES ('11802','Hicksville','NY' );

INSERT INTO zipcode VALUES ('13760','Endicott','NY' );

INSERT INTO zipcode VALUES ('30342','Atlanta','GA' );

INSERT INTO zipcode VALUES ('33431','Boca Raton','FL' );

INSERT INTO zipcode VALUES ('43224','Columbus','OH' );

INSERT INTO zipcode VALUES ('48104','Ann Arbor','MI' );

COMMIT;

/*----- Creating Check Constraints on 'INSTRUCTOR' */


ALTER TABLE INSTRUCTOR 
 MODIFY COLUMN INSTRUCTOR_ID int NOT NULL ;

/*----- Creating Check Constraints on 'GRADE' */


ALTER TABLE GRADE 
 MODIFY COLUMN STUDENT_ID INT NOT NULL;
ALTER TABLE GRADE 
 MODIFY COLUMN SECTION_ID INT NOT NULL;
ALTER TABLE GRADE 
 MODIFY COLUMN GRADE_TYPE_CODE char(2) NOT NULL;
ALTER TABLE GRADE 
 MODIFY COLUMN NUMERIC_GRADE INT NOT NULL;

/*----- Creating Check Constraints on 'GRADE_CONVERSION' */


ALTER TABLE GRADE_CONVERSION 
 MODIFY COLUMN MAX_GRADE INT NOT NULL;
ALTER TABLE GRADE_CONVERSION 
 MODIFY COLUMN GRADE_POINT INT NOT NULL;
ALTER TABLE GRADE_CONVERSION 
 MODIFY COLUMN LETTER_GRADE VARCHAR(2) NOT NULL;
ALTER TABLE GRADE_CONVERSION 
 MODIFY COLUMN MIN_GRADE INT NOT NULL;

/*----- Creating Check Constraints on 'GRADE_TYPE_WEIGHT' */


ALTER TABLE GRADE_TYPE_WEIGHT 
 MODIFY COLUMN INT_PER_SECTION INT NOT NULL; 
ALTER TABLE GRADE_TYPE_WEIGHT 
 MODIFY COLUMN PERCENT_OF_FINAL_GRADE INT NOT NULL; 
ALTER TABLE GRADE_TYPE_WEIGHT 
 MODIFY COLUMN GRADE_TYPE_CODE cHAR(2) NOT NULL; 
ALTER TABLE GRADE_TYPE_WEIGHT 
 MODIFY COLUMN SECTION_ID INT NOT NULL; 
ALTER TABLE GRADE_TYPE_WEIGHT 
 MODIFY COLUMN DROP_LOWEST CHAR(1) NOT NULL; 


/* SKIP NULL CONSTRAINTS starts here

/*----- Creating Check Constraints on 'SECTION' 

ALTER TABLE SECTION 
 MODIFY(SECTION_ID CONSTRAINT SECT_SECTION_ID_NNULL NOT NULL) 
 MODIFY(SECTION_NO CONSTRAINT SECT_SECTION_NO_NNULL NOT NULL) 
 MODIFY(INSTRUCTOR_ID CONSTRAINT SECT_INSTRUCTOR_ID_NNULL NOT NULL) 
 MODIFY(COURSE_NO CONSTRAINT SECT_COURSE_NO_NNULL NOT NULL) ;

/*----- Creating Check Constraints on 'COURSE' 


ALTER TABLE COURSE 
 MODIFY(DESCRIPTION CONSTRAINT CRSE_DESCRIPTION_NNULL NOT NULL) 
 MODIFY(COURSE_NO CONSTRAINT CRSE_COURSE_NO_NNULL NOT NULL);

/*----- Creating Check Constraints on 'ENROLLMENT' 


ALTER TABLE ENROLLMENT 
 MODIFY(STUDENT_ID CONSTRAINT ENR_STUDENT_ID_NNULL NOT NULL) 
 MODIFY(ENROLL_DATE CONSTRAINT ENR_ENROLL_DATE_NNULL NOT NULL) 
 MODIFY(SECTION_ID CONSTRAINT ENR_SECTION_ID_NNULL NOT NULL) ;

/*----- Creating Check Constraints on 'STUDENT' 


ALTER TABLE STUDENT 
 MODIFY(REGISTRATION_DATE CONSTRAINT STU_REGISTRATION_DATE_NNULL NOT NULL) 
 MODIFY(ZIP CONSTRAINT STU_ZIP_NNULL NOT NULL) 
 MODIFY(LAST_NAME CONSTRAINT STU_LAST_NAME_NNULL NOT NULL) 
 MODIFY(STUDENT_ID CONSTRAINT STU_STUDENT_ID_NNULL NOT NULL);

/*----- Creating Check Constraints on 'ZIPCODE' 


ALTER TABLE ZIPCODE 
 MODIFY(ZIP CONSTRAINT ZIP_ZIP_NNULL NOT NULL) ;

SKIP ends here
*/


/*------------- is added for grade_sum_1 table AA
----- Creating Primary Key on 'GRADE_SUM_1' */


ALTER TABLE GRADE_SUM_1 
 ADD CONSTRAINT GSUM_PK PRIMARY KEY (STUDENT_ID, SECTION_ID, grade_type_code);

/*----- Creating Primary Key on 'INSTRUCTOR' */


ALTER TABLE INSTRUCTOR ADD CONSTRAINT INST_PK PRIMARY KEY (INSTRUCTOR_ID) ;

/*----- Creating Primary Key on 'GRADE' */


ALTER TABLE GRADE
ADD CONSTRAINT GR_PK PRIMARY KEY (STUDENT_ID, SECTION_ID, GRADE_TYPE_CODE, GRADE_CODE_OCCURRENCE) ;

/*----- Creating Primary Key on 'GRADE_CONVERSION' */


ALTER TABLE GRADE_CONVERSION 
 ADD CONSTRAINT GRCON_PK PRIMARY KEY (LETTER_GRADE) ;

/*----- Creating Primary Key on 'GRADE_TYPE_WEIGHT'*/


ALTER TABLE GRADE_TYPE_WEIGHT 
 ADD CONSTRAINT GRTW_PK PRIMARY KEY (SECTION_ID ,GRADE_TYPE_CODE) ;

/*----- Creating Primary Key on 'SECTION' */


ALTER TABLE SECTION 
 ADD CONSTRAINT SECT_PK PRIMARY KEY  
  (SECTION_ID) ;

/*----- Creating Primary Key on 'COURSE' */


ALTER TABLE COURSE 
 ADD CONSTRAINT CRSE_PK PRIMARY KEY  
  (COURSE_NO) ;

/*----- Creating Primary Key on 'ENROLLMENT' */


ALTER TABLE ENROLLMENT 
 ADD CONSTRAINT ENR_PK PRIMARY KEY (STUDENT_ID, SECTION_ID) ;

/*----- Creating Primary Key on 'STUDENT' */


ALTER TABLE STUDENT ADD CONSTRAINT STU_PK PRIMARY KEY (STUDENT_ID) ;

/*----- Creating Primary Key on 'ZIPCODE' */


ALTER TABLE ZIPCODE 
 ADD CONSTRAINT ZIP_PK PRIMARY KEY (ZIP) ;

/*----- Not needed AA 
----- Creating Unique Keys on 'SECTION'

ALTER TABLE SECTION  
 ADD ( CONSTRAINT SECT_SECT2_UK UNIQUE  
  (SECTION_NO 
  ,COURSE_NO)) ; */

/*----- Creating Foreign Keys on 'INSTRUCTOR' */


ALTER TABLE INSTRUCTOR 
ADD CONSTRAINT INST_ZIP_FK FOREIGN KEY (ZIP) REFERENCES ZIPCODE (ZIP) ;

/*----- Creating Foreign Keys on 'GRADE' */

ALTER TABLE GRADE 
ADD CONSTRAINT GR_ENR_FK FOREIGN KEY (STUDENT_ID, SECTION_ID) REFERENCES ENROLLMENT (STUDENT_ID, SECTION_ID);

ALTER TABLE GRADE 
ADD CONSTRAINT GR_GRTW_FK FOREIGN KEY (SECTION_ID, GRADE_TYPE_CODE) REFERENCES GRADE_TYPE_WEIGHT (SECTION_ID, GRADE_TYPE_CODE);

/*----- Creating Foreign Keys on 'SECTION' */

ALTER TABLE SECTION 
ADD CONSTRAINT SECT_INST_FK FOREIGN KEY (INSTRUCTOR_ID) REFERENCES INSTRUCTOR (INSTRUCTOR_ID),
ADD CONSTRAINT SECT_CRSE_FK FOREIGN KEY (COURSE_NO) REFERENCES COURSE (COURSE_NO) ;

/*----- Creating Foreign Keys on 'COURSE' */

ALTER TABLE COURSE 
ADD CONSTRAINT CRSE_CRSE_FK FOREIGN KEY (PREREQUISITE) REFERENCES COURSE (COURSE_NO) ;

/*----- Creating Foreign Keys on 'ENROLLMENT' */

ALTER TABLE ENROLLMENT
ADD CONSTRAINT ENR_STU_FK FOREIGN KEY (STUDENT_ID) REFERENCES STUDENT (STUDENT_ID),
ADD CONSTRAINT ENR_SECT_FK FOREIGN KEY (SECTION_ID) REFERENCES SECTION (SECTION_ID) ;

/*----- Creating Foreign Keys on 'STUDENT' */


ALTER TABLE STUDENT 
ADD CONSTRAINT  STU_ZIP_FK FOREIGN KEY  (ZIP) REFERENCES ZIPCODE (ZIP) ;

SELECT * FROM INSTRUCTOR;
SELECT * FROM STUDENT;

SELECT CONCAT(INSTRUCTOR.INSTRUCTOR_ID, ' ', FIRST_NAME, ' ', LAST_NAME) AS 'Instructor', 
CONCAT(LEFT(INSTRUCTOR_SSN, 3), '-', SUBSTRING(INSTRUCTOR_SSN,4,2), '-', SUBSTRING(INSTRUCTOR_SSN,6,4)) AS 'Instructor SSN',
COUNT(SECTION.SECTION_ID) AS '# of Sections'
FROM INSTRUCTOR
LEFT JOIN SECTION
	ON INSTRUCTOR.INSTRUCTOR_ID = SECTION.INSTRUCTOR_ID
GROUP BY INSTRUCTOR.INSTRUCTOR_ID, FIRST_NAME, LAST_NAME, INSTRUCTOR_SSN
ORDER BY COUNT(SECTION.SECTION_ID), INSTRUCTOR.INSTRUCTOR_ID;

SELECT CONCAT(INSTRUCTOR.INSTRUCTOR_ID, ' ', FIRST_NAME, ' ', LAST_NAME) AS 'Instructor', 
CONCAT(LEFT(INSTRUCTOR_SSN, 3), '-', SUBSTRING(INSTRUCTOR_SSN,4,2), '-', SUBSTRING(INSTRUCTOR_SSN,6,4)) AS 'Instructor SSN',
COUNT(DISTINCT SECTION.SECTION_ID) AS '# of Sections',
COUNT(ENROLLMENT.STUDENT_ID) AS '# of Enrollment'
FROM INSTRUCTOR
LEFT JOIN SECTION
	ON INSTRUCTOR.INSTRUCTOR_ID = SECTION.INSTRUCTOR_ID
LEFT JOIN ENROLLMENT
	ON SECTION.SECTION_ID = ENROLLMENT.SECTION_ID
GROUP BY INSTRUCTOR.INSTRUCTOR_ID, FIRST_NAME, LAST_NAME, INSTRUCTOR_SSN
ORDER BY COUNT(ENROLLMENT.STUDENT_ID) DESC, INSTRUCTOR.INSTRUCTOR_ID ASC;

SELECT
CONCAT(STUDENT.STUDENT_ID,' ',STUDENT.FIRST_NAME,' ',STUDENT.LAST_NAME) AS 'Student',
SECTION.SECTION_ID AS 'Section ID',
CONCAT(COURSE.COURSE_NO,' ',COURSE.DESCRIPTION) AS 'Course Description',
GRADE.NUMERIC_GRADE AS 'Final Grade',
GRADE_CONVERSION.LETTER_GRADE AS 'Letter Grade'
FROM STUDENT
JOIN GRADE ON STUDENT.STUDENT_ID = GRADE.STUDENT_ID
JOIN SECTION ON GRADE.SECTION_ID = SECTION.SECTION_ID
JOIN COURSE ON SECTION.COURSE_NO = COURSE.COURSE_NO
JOIN GRADE_CONVERSION ON GRADE.NUMERIC_GRADE BETWEEN GRADE_CONVERSION.MIN_GRADE AND GRADE_CONVERSION.MAX_GRADE
WHERE GRADE.GRADE_TYPE_CODE = 'FF'
ORDER BY STUDENT.STUDENT_ID ASC, SECTION.SECTION_ID ASC;

 SELECT
	CONCAT(s.SECTION_ID, ' ',c.DESCRIPTION) AS 'Section & Course Information',
    CONCAT(st.STUDENT_ID, ' ',st.FIRST_NAME, ' ', st.LAST_NAME) AS 'Student',
    g.NUMERIC_GRADE AS 'Calculated Grade'
FROM GRADE g
JOIN STUDENT st ON g.STUDENT_ID = st.STUDENT_ID
JOIN SECTION s ON g.SECTION_ID = s.SECTION_ID
JOIN COURSE c ON s.COURSE_NO = c.COURSE_NO
JOIN (SELECT
	SECTION_ID,
    AVG(NUMERIC_GRADE) AS AVG_GRADE
    FROM GRADE
    GROUP BY
		SECTION_ID) AS AVG_TABLE
        ON g.SECTION_ID = AVG_TABLE.SECTION_ID
	WHERE
		g.grade_type_code = 'FF' AND g.SECTION_ID BETWEEN 80 AND 90
        AND g.NUMERIC_GRADE > AVG_TABLE.AVG_GRADE
	ORDER BY
		g.SECTION_ID,
		st.STUDENT_ID;
        
SELECT
  C.COURSE_NO AS "Course No",
  C.DESCRIPTION AS "Description",
  CONCAT('$', FORMAT(C.COST, 2)) AS "Cost",
  P.COURSE_NO AS "Prerequisite",
  P.DESCRIPTION AS "Prereq.Description"
FROM COURSE AS C
LEFT JOIN COURSE AS P
  ON C.PREREQUISITE = P.COURSE_NO
ORDER BY
  C.COURSE_NO;

	
/*----- ** ************************************************** ** 


/*----- ** To make sure that your schema was loaded properly, ** 


/*----- **   compare these counts with those listed in the    ** 


/*----- **   readme file.                                     ** 


/*----- ** ************************************************** ** 






SELECT 'Count of COURSE Table:', COUNT(*) 
  FROM course 
 GROUP BY 'Count of COURSE Table:';

SELECT 'Count of ENROLLMENT Table:', COUNT(*) 
  FROM enrollment 
 GROUP BY 'Count of ENROLLMENT Table:';

SELECT 'Count of GRADE Table:', COUNT(*) 
  FROM GRADE 
 GROUP BY 'Count of GRADE Table:';

SELECT 'Count of GRADE_CONVERSION Table:', COUNT(*) 
  FROM GRADE_CONVERSION 
 GROUP BY 'Count of GRADE_CONVERSION Table:';

SELECT 'Count of GRADE_TYPE_WEIGHT Table:', COUNT(*) 
  FROM GRADE_TYPE_WEIGHT 
 GROUP BY 'Count of GRADE_TYPE Table:';

SELECT 'Count of INSTRUCTOR Table:', COUNT(*) 
  FROM INSTRUCTOR 
 GROUP BY 'Count of INSTRUCTOR Table:';

SELECT 'Count of SECTION Table:', COUNT(*) 
  FROM SECTION 
 GROUP BY 'Count of SECTION Table:';

SELECT 'Count of STUDENT Table:', COUNT(*) 
  FROM STUDENT 
 GROUP BY 'Count of STUDENT Table:';

SELECT 'Count of ZIPCODE Table:', COUNT(*) 
  FROM ZIPCODE 
 GROUP BY 'Count of ZIPCODE Table:';

SELECT 'Count of GRADE_SUM_1 Table:', COUNT(*) 
  FROM grade_sum_1 
 GROUP BY 'Count of GRADE_SUM_1 Table:';




